kelt_sourceid,kelt_field,kelt_orientation,proc_type,kelt_proc_version,ra,dec,kelt_mag,obsstart,obsstop,bjdstart,bjdstop,mean,stddevwrtmean,median,stddevwrtmedian,npts,n5sigma,f5sigma,medabsdev,chisquared,range595,minvalue,maxvalue
KELT_N02_lc_001388_V01_east,N02,east,raw,V01,21.59602,20.06730,10.416,2006-10-26 04:44:09.0,2008-11-24 04:44:47.0,2454034.697330,2454794.697772,10.450417,0.089404,10.435390,0.090659,1792,10,0.005580,0.012580,18610.842704,0.137390,9.763780,12.738040
KELT_N02_lc_001388_V01_east,N02,west,raw,V01,21.59602,20.06730,10.337,2006-10-27 07:06:26.0,2008-11-24 09:34:38.0,2454035.796138,2454794.899059,10.367870,0.124887,10.355590,0.125490,602,1,0.001661,0.018055,50739.963721,0.126340,10.292610,13.178850
KELT_N02_lc_001953_V01_east,N02,east,raw,V01,34.78578,19.68645,10.985,2006-10-26 04:44:09.0,2008-11-24 04:44:47.0,2454034.697330,2454794.697772,10.990094,0.020100,10.988280,0.020182,1792,5,0.002790,0.006225,223.723020,0.039520,10.849840,11.534050
KELT_N02_lc_009602_V01_east,N02,east,raw,V01,41.86608,19.36974,10.953,2006-10-26 04:44:09.0,2008-11-24 04:44:47.0,2454034.697330,2454794.697772,10.951413,0.020195,10.952100,0.020207,1792,9,0.005022,0.007535,270.232285,0.042310,10.697000,11.287500
KELT_N02_lc_008534_V01_east,N02,west,raw,V01,41.81501,22.95839,10.951,2006-10-27 07:06:26.0,2008-11-24 09:34:38.0,2454035.796138,2454794.899059,10.963413,0.119232,10.964275,0.119235,602,3,0.004983,0.014935,12409.187760,0.099270,8.389700,11.597960
KELT_N02_lc_010803_V01_east,N02,east,raw,V01,27.78917,20.51309,10.977,2006-10-26 04:44:09.0,2008-11-24 04:44:47.0,2454034.697330,2454794.697772,10.984297,0.013141,10.983050,0.013200,1792,12,0.006696,0.005520,143.054985,0.033240,10.954270,11.182290
KELT_N02_lc_003326_V01_east,N02,east,raw,V01,36.38153,29.88013,10.598,2006-10-26 04:44:09.0,2008-11-24 04:44:47.0,2454034.697330,2454794.697772,10.616391,0.024480,10.610690,0.025135,1792,18,0.010045,0.006795,1494.046153,0.048800,10.558440,10.864160
KELT_N02_lc_003326_V01_east,N02,west,raw,V01,36.38153,29.88013,10.675,2006-10-27 07:06:26.0,2008-11-24 09:34:38.0,2454035.796138,2454794.899059,10.689081,0.028539,10.682660,0.029253,602,3,0.004983,0.011505,1482.763787,0.084910,10.539030,10.882560
KELT_N02_lc_004471_V01_east,N02,east,raw,V01,37.66092,19.85373,10.358,2006-10-26 04:44:09.0,2008-11-24 04:44:47.0,2454034.697330,2454794.697772,10.386395,0.068329,10.373040,0.069623,1791,14,0.007817,0.016180,7728.808572,0.139790,9.852270,11.551570
KELT_N02_lc_004471_V01_east,N02,west,raw,V01,37.66092,19.85373,10.350,2006-10-27 07:06:26.0,2008-11-24 09:34:38.0,2454035.796138,2454794.899059,10.366431,0.045671,10.358185,0.046411,602,3,0.004983,0.012975,3347.793297,0.098740,10.276500,10.979700
KELT_N02_lc_018314_V01_east,N02,east,raw,V01,37.20295,29.93110,9.792,2006-10-26 04:44:09.0,2008-11-24 04:44:47.0,2454034.697330,2454794.697772,9.802631,0.010057,9.800060,0.010381,1792,10,0.005580,0.003910,926.029905,0.026250,9.783070,9.890200
KELT_N02_lc_018314_V01_east,N02,west,raw,V01,37.20295,29.93110,9.707,2006-10-27 07:06:26.0,2008-11-24 09:34:38.0,2454035.796138,2454794.899059,9.713899,0.016493,9.711075,0.016734,602,2,0.003322,0.009485,2333.031581,0.050850,9.653270,9.831810
KELT_N02_lc_016726_V01_east,N02,east,raw,V01,33.65962,28.69128,9.929,2006-10-26 04:44:09.0,2008-11-24 04:44:47.0,2454034.697330,2454794.697772,9.949247,0.025068,9.943180,0.025792,1792,17,0.009487,0.006215,3261.490529,0.047780,9.910090,10.261180
KELT_N02_lc_016726_V01_east,N02,west,raw,V01,33.65962,28.69128,10.107,2006-10-27 07:06:26.0,2008-11-24 09:34:38.0,2454035.796138,2454794.899059,10.122320,0.022528,10.116440,0.023284,602,2,0.003322,0.009010,2020.223969,0.067950,10.088230,10.325980
KELT_N02_lc_018522_V01_east,N02,east,raw,V01,43.57547,20.56302,10.851,2006-10-26 04:44:09.0,2008-11-24 04:44:47.0,2454034.697330,2454794.697772,10.857852,0.058017,10.853450,0.058184,1790,14,0.007821,0.008460,2907.572711,0.082550,10.115760,11.594870
KELT_N02_lc_018522_V01_east,N02,west,raw,V01,43.57547,20.56302,10.953,2006-10-27 07:06:26.0,2008-11-24 09:34:38.0,2454035.796138,2454794.899059,10.959008,0.052985,10.954170,0.053206,602,6,0.009967,0.014145,2972.202152,0.101470,10.611130,11.599860
KELT_N02_lc_019711_V01_east,N02,east,raw,V01,36.74396,26.03907,10.953,2006-10-26 04:44:09.0,2008-11-24 04:44:47.0,2454034.697330,2454794.697772,10.969805,0.029510,10.964045,0.030067,1792,15,0.008371,0.007370,1120.954085,0.062890,10.911370,11.341810
KELT_N02_lc_019711_V01_east,N02,west,raw,V01,36.74396,26.03907,10.783,2006-10-27 07:06:26.0,2008-11-24 09:34:38.0,2454035.796138,2454794.899059,10.806991,0.032336,10.800170,0.033049,602,4,0.006645,0.010770,1359.205139,0.082000,10.759200,11.144880
KELT_N02_lc_012632_V01_east,N02,east,raw,V01,34.74160,23.16723,10.580,2006-10-26 04:44:09.0,2008-11-24 04:44:47.0,2454034.697330,2454794.697772,10.587093,0.050866,10.579740,0.051395,1792,11,0.006138,0.007650,2883.437076,0.085260,10.312510,11.951600
KELT_N02_lc_012632_V01_east,N02,west,raw,V01,34.74160,23.16723,10.655,2006-10-27 07:06:26.0,2008-11-24 09:34:38.0,2454035.796138,2454794.899059,10.670055,0.043185,10.662530,0.043836,602,2,0.003322,0.013825,1884.756206,0.114080,10.580710,11.161930
KELT_N02_lc_012094_V01_east,N02,east,raw,V01,24.65401,21.39718,10.278,2006-10-26 04:44:09.0,2008-11-24 04:44:47.0,2454034.697330,2454794.697772,10.304643,0.051773,10.292560,0.053165,1791,13,0.007259,0.008780,6302.660530,0.098440,10.235610,11.078080
KELT_N02_lc_012094_V01_east,N02,west,raw,V01,24.65401,21.39718,10.485,2006-10-27 07:06:26.0,2008-11-24 09:34:38.0,2454035.796138,2454794.899059,10.509129,0.047471,10.501785,0.048037,602,5,0.008306,0.018750,4325.208175,0.116990,10.434700,11.003620
KELT_N02_lc_012738_V01_east,N02,east,raw,V01,29.51427,31.13517,9.436,2006-10-26 04:44:09.0,2008-11-24 04:44:47.0,2454034.697330,2454794.697772,9.443621,0.008355,9.441470,0.008628,1792,5,0.002790,0.003515,1363.735600,0.024190,9.427310,9.545380
KELT_N02_lc_012738_V01_east,N02,west,raw,V01,29.51427,31.13517,9.426,2006-10-27 07:06:26.0,2008-11-24 09:34:38.0,2454035.796138,2454794.899059,9.434596,0.014582,9.430600,0.015120,602,2,0.003322,0.007460,3195.136376,0.044900,9.400200,9.515560
KELT_N02_lc_024768_V01_east,N02,east,raw,V01,30.53223,28.39971,10.193,2006-10-26 04:44:09.0,2008-11-24 04:44:47.0,2454034.697330,2454794.697772,10.215398,0.033102,10.208060,0.033906,1792,19,0.010603,0.009840,3653.745398,0.067570,10.164340,10.604380
KELT_N02_lc_024768_V01_east,N02,west,raw,V01,30.53223,28.39971,10.252,2006-10-27 07:06:26.0,2008-11-24 09:34:38.0,2454035.796138,2454794.899059,10.268323,0.024348,10.261535,0.025278,602,2,0.003322,0.010170,2351.169457,0.070390,10.233810,10.464050
KELT_N02_lc_030383_V01_east,N02,east,raw,V01,40.96817,25.63487,10.648,2006-10-26 04:44:09.0,2008-11-24 04:44:47.0,2454034.697330,2454794.697772,10.674778,0.061303,10.661840,0.062654,1792,16,0.008929,0.009480,5897.420600,0.111950,10.353750,11.616930
KELT_N02_lc_030383_V01_east,N02,west,raw,V01,40.96817,25.63487,10.241,2006-10-27 07:06:26.0,2008-11-24 09:34:38.0,2454035.796138,2454794.899059,10.272271,0.049213,10.267925,0.049405,602,6,0.009967,0.013550,7905.685338,0.085650,9.854510,10.727830
KELT_N02_lc_022206_V01_east,N02,east,raw,V01,37.30775,23.46694,10.388,2006-10-26 04:44:09.0,2008-11-24 04:44:47.0,2454034.697330,2454794.697772,10.400653,0.047675,10.391830,0.048485,1791,17,0.009492,0.008770,3580.682083,0.090400,9.952000,10.997620
KELT_N02_lc_022206_V01_east,N02,west,raw,V01,37.30775,23.46694,10.216,2006-10-27 07:06:26.0,2008-11-24 09:34:38.0,2454035.796138,2454794.899059,10.234489,0.043129,10.225165,0.044127,602,2,0.003322,0.009335,3457.664913,0.076780,10.173520,10.859170
KELT_N02_lc_028360_V01_east,N02,east,raw,V01,30.38833,23.39515,10.758,2006-10-26 04:44:09.0,2008-11-24 04:44:47.0,2454034.697330,2454794.697772,10.770624,0.030068,10.764105,0.030767,1792,13,0.007254,0.006235,1124.927520,0.071940,10.676970,11.104200
KELT_N02_lc_028360_V01_east,N02,west,raw,V01,30.38833,23.39515,10.888,2006-10-27 07:06:26.0,2008-11-24 09:34:38.0,2454035.796138,2454794.899059,10.916593,0.048371,10.905460,0.049637,602,4,0.006645,0.016180,2301.032260,0.124120,10.820350,11.422150
KELT_N02_lc_023623_V01_east,N02,east,raw,V01,26.86750,21.40976,10.925,2006-10-26 04:44:09.0,2008-11-24 04:44:47.0,2454034.697330,2454794.697772,10.917986,0.043718,10.914085,0.043892,1792,7,0.003906,0.021810,1884.549994,0.120270,10.800700,11.419910
KELT_N02_lc_028395_V01_east,N02,east,raw,V01,34.53106,19.90067,9.831,2006-10-26 04:44:09.0,2008-11-24 04:44:47.0,2454034.697330,2454794.697772,9.874599,0.084521,9.854515,0.086875,1790,17,0.009497,0.014430,24973.817048,0.161950,9.170280,11.160230
KELT_N02_lc_028395_V01_east,N02,west,raw,V01,34.53106,19.90067,10.134,2006-10-27 07:06:26.0,2008-11-24 09:34:38.0,2454035.796138,2454794.899059,10.147838,0.041003,10.142335,0.041371,602,2,0.003322,0.015310,3192.618765,0.098870,10.073880,10.674870
KELT_N02_lc_024347_V01_east,N02,east,raw,V01,21.77020,25.43753,10.678,2006-10-26 04:44:09.0,2008-11-24 04:44:47.0,2454034.697330,2454794.697772,10.678227,0.037232,10.673095,0.037584,1792,11,0.006138,0.007815,2287.309283,0.072370,10.381290,11.262590
KELT_N02_lc_024347_V01_east,N02,west,raw,V01,21.77020,25.43753,10.545,2006-10-27 07:06:26.0,2008-11-24 09:34:38.0,2454035.796138,2454794.899059,10.584188,0.072322,10.571225,0.073476,602,5,0.008306,0.014945,10600.219111,0.099890,10.517430,11.817750
KELT_N02_lc_029901_V01_east,N02,east,raw,V01,28.29246,28.81941,10.251,2006-10-26 04:44:09.0,2008-11-24 04:44:47.0,2454034.697330,2454794.697772,10.268921,0.032542,10.262330,0.033203,1792,16,0.008929,0.010265,4058.232671,0.064460,10.224150,10.719560
KELT_N02_lc_029901_V01_east,N02,west,raw,V01,28.29246,28.81941,10.306,2006-10-27 07:06:26.0,2008-11-24 09:34:38.0,2454035.796138,2454794.899059,10.340262,0.044949,10.326860,0.046908,602,3,0.004983,0.015575,7403.693878,0.117280,10.286360,10.768820
KELT_N02_lc_030710_V01_east,N02,west,raw,V01,43.84386,27.72172,10.993,2006-10-27 07:06:26.0,2008-11-24 09:34:38.0,2454035.796138,2454794.899059,10.998478,0.035925,10.993635,0.036251,602,7,0.011628,0.008900,1347.537199,0.067930,10.722530,11.329340
KELT_N02_lc_021146_V01_east,N02,east,raw,V01,19.11451,23.58916,10.996,2006-10-26 04:44:09.0,2008-11-24 04:44:47.0,2454034.697330,2454794.697772,10.997640,0.020123,10.998255,0.020133,1792,5,0.002790,0.006370,324.827434,0.036670,10.708060,11.500090
KELT_N02_lc_021146_V01_east,N02,west,raw,V01,19.11451,23.58916,10.840,2006-10-27 07:06:26.0,2008-11-24 09:34:38.0,2454035.796138,2454794.899059,10.882583,0.064037,10.868755,0.065515,602,4,0.006645,0.019905,6234.248452,0.140030,10.807460,11.566120
KELT_N02_lc_023890_V01_east,N02,east,raw,V01,35.02010,30.18806,10.064,2006-10-26 04:44:09.0,2008-11-24 04:44:47.0,2454034.697330,2454794.697772,10.079784,0.016334,10.075610,0.016859,1792,13,0.007254,0.005265,1465.531315,0.035390,10.049640,10.287200
KELT_N02_lc_023890_V01_east,N02,west,raw,V01,35.02010,30.18806,10.167,2006-10-27 07:06:26.0,2008-11-24 09:34:38.0,2454035.796138,2454794.899059,10.177242,0.021928,10.173560,0.022235,602,2,0.003322,0.012355,1978.026565,0.071800,10.131520,10.297620
KELT_N02_lc_032516_V01_east,N02,east,raw,V01,35.31170,23.42514,10.461,2006-10-26 04:44:09.0,2008-11-24 04:44:47.0,2454034.697330,2454794.697772,10.455636,0.106894,10.450795,0.107003,1790,12,0.006704,0.037895,14247.350698,0.184360,9.041900,11.888390
KELT_N02_lc_032516_V01_east,N02,west,raw,V01,35.31170,23.42514,10.495,2006-10-27 07:06:26.0,2008-11-24 09:34:38.0,2454035.796138,2454794.899059,10.501869,0.045319,10.503980,0.045368,602,2,0.003322,0.028665,2820.068854,0.119010,10.413380,10.905590
KELT_N02_lc_033264_V01_east,N02,east,raw,V01,25.41195,30.04709,9.761,2006-10-26 04:44:09.0,2008-11-24 04:44:47.0,2454034.697330,2454794.697772,9.771114,0.014010,9.767910,0.014372,1792,4,0.002232,0.004090,1682.751827,0.028980,9.739860,10.164720
KELT_N02_lc_033264_V01_east,N02,west,raw,V01,25.41195,30.04709,9.689,2006-10-27 07:06:26.0,2008-11-24 09:34:38.0,2454035.796138,2454794.899059,9.700024,0.037991,9.695315,0.038282,602,1,0.001661,0.009480,14681.098358,0.060740,9.658400,10.509880
KELT_N02_lc_040954_V01_east,N02,east,raw,V01,40.01117,39.83549,10.820,2006-10-26 04:44:09.0,2008-11-24 04:44:47.0,2454034.697330,2454794.697772,10.849945,0.051516,10.847755,0.051563,1792,5,0.002790,0.028525,3247.968917,0.151800,10.341770,11.344810
KELT_N02_lc_040954_V01_east,N02,west,raw,V01,40.01117,39.83549,10.800,2006-10-27 07:06:26.0,2008-11-24 09:34:38.0,2454035.796138,2454794.899059,10.784434,0.040562,10.783660,0.040569,602,1,0.001661,0.027745,2245.100575,0.119560,10.648310,11.021300
KELT_N02_lc_041864_V01_east,N02,east,raw,V01,36.86636,31.79951,9.253,2006-10-26 04:44:09.0,2008-11-24 04:44:47.0,2454034.697330,2454794.697772,9.259588,0.005533,9.258060,0.005741,1792,7,0.003906,0.002010,739.580053,0.015080,9.249060,9.309810
KELT_N02_lc_041864_V01_east,N02,west,raw,V01,36.86636,31.79951,9.690,2006-10-27 07:06:26.0,2008-11-24 09:34:38.0,2454035.796138,2454794.899059,9.698957,0.016798,9.695020,0.017254,602,0,0.000000,0.009275,2578.070344,0.054460,9.660000,9.765150
KELT_N02_lc_041988_V01_east,N02,east,raw,V01,32.85546,31.52656,10.037,2006-10-26 04:44:09.0,2008-11-24 04:44:47.0,2454034.697330,2454794.697772,10.051583,0.017113,10.047670,0.017555,1792,14,0.007812,0.006070,1724.767731,0.041960,9.991930,10.234520
KELT_N02_lc_041988_V01_east,N02,west,raw,V01,32.85546,31.52656,10.198,2006-10-27 07:06:26.0,2008-11-24 09:34:38.0,2454035.796138,2454794.899059,10.211758,0.029022,10.204650,0.029881,601,4,0.006656,0.010670,3367.498436,0.074590,10.163530,10.445720
KELT_N02_lc_044986_V01_east,N02,east,raw,V01,19.63569,43.28174,10.751,2006-10-26 04:44:09.0,2008-11-24 04:44:47.0,2454034.697330,2454794.697772,10.765923,0.103631,10.754905,0.104215,1792,4,0.002232,0.009180,144097.586110,0.078210,10.703360,14.542760
KELT_N02_lc_044986_V01_east,N02,west,raw,V01,19.63569,43.28174,10.571,2006-10-27 07:06:26.0,2008-11-24 09:34:38.0,2454035.796138,2454794.899059,10.564467,0.056641,10.562150,0.056688,571,2,0.003503,0.010130,3375.835106,0.055590,9.395220,10.875330
KELT_N02_lc_037602_V01_east,N02,east,raw,V01,21.57635,43.45810,10.132,2006-10-26 04:44:09.0,2008-11-24 04:44:47.0,2454034.697330,2454794.697772,10.143405,0.023681,10.140875,0.023816,1792,11,0.006138,0.007335,3650.683348,0.040270,9.795250,10.595370
KELT_N02_lc_037602_V01_east,N02,west,raw,V01,21.57635,43.45810,10.120,2006-10-27 07:06:26.0,2008-11-24 09:34:38.0,2454035.796138,2454794.899059,10.142073,0.055657,10.128905,0.057197,574,4,0.006969,0.017445,9061.129316,0.113000,10.070180,10.730790
KELT_N02_lc_038541_V01_east,N02,east,raw,V01,25.16477,43.29675,10.112,2006-10-26 04:44:09.0,2008-11-24 04:44:47.0,2454034.697330,2454794.697772,10.124648,0.024954,10.120830,0.025245,1792,11,0.006138,0.005600,1572.582395,0.037800,10.089260,10.814340
KELT_N02_lc_038541_V01_east,N02,west,raw,V01,25.16477,43.29675,9.851,2006-10-27 07:06:26.0,2008-11-24 09:34:38.0,2454035.796138,2454794.899059,9.870570,0.051643,9.859340,0.052852,601,5,0.008319,0.014750,11042.577816,0.108630,9.807260,10.401730
KELT_N02_lc_038846_V01_east,N02,east,raw,V01,28.31292,40.72516,9.316,2006-10-26 04:44:09.0,2008-11-24 04:44:47.0,2454034.697330,2454794.697772,9.321987,0.007863,9.320175,0.008069,1792,8,0.004464,0.002155,771.800666,0.015120,9.311080,9.464960
KELT_N02_lc_038846_V01_east,N02,west,raw,V01,28.31292,40.72516,9.916,2006-10-27 07:06:26.0,2008-11-24 09:34:38.0,2454035.796138,2454794.899059,9.937900,0.056433,9.926885,0.057500,602,2,0.003322,0.013275,15140.380186,0.108130,9.880530,10.936040
KELT_N02_lc_049662_V01_east,N02,east,raw,V01,21.94488,40.33540,10.861,2006-10-26 04:44:09.0,2008-11-24 04:44:47.0,2454034.697330,2454794.697772,10.883136,0.047937,10.874490,0.048711,1792,12,0.006696,0.011065,4381.518355,0.078970,10.746730,11.610240
KELT_N02_lc_049662_V01_east,N02,west,raw,V01,21.94488,40.33540,10.894,2006-10-27 07:06:26.0,2008-11-24 09:34:38.0,2454035.796138,2454794.899059,10.904582,0.044497,10.899835,0.044750,604,1,0.001656,0.005725,3731.860167,0.033570,10.876950,11.945150
KELT_N02_lc_060222_V01_east,N02,east,raw,V01,21.53492,34.57909,10.247,2006-10-26 04:44:09.0,2008-11-24 04:44:47.0,2454034.697330,2454794.697772,10.264634,0.043646,10.258450,0.044082,1792,6,0.003348,0.005640,5707.728872,0.041000,10.223890,11.466940
KELT_N02_lc_060222_V01_east,N02,west,raw,V01,21.53492,34.57909,10.340,2006-10-27 07:06:26.0,2008-11-24 09:34:38.0,2454035.796138,2454794.899059,10.363979,0.041396,10.354040,0.042574,601,6,0.009983,0.011640,4186.829941,0.096980,10.310460,10.888170
KELT_N02_lc_070674_V01_east,N02,west,raw,V01,28.09250,37.42966,10.981,2006-10-27 07:06:26.0,2008-11-24 09:34:38.0,2454035.796138,2454794.899059,10.995107,0.026242,10.990185,0.026700,602,5,0.008306,0.009025,1102.870743,0.057520,10.961310,11.312030
KELT_N02_lc_070772_V01_east,N02,east,raw,V01,29.42658,37.66723,10.680,2006-10-26 04:44:09.0,2008-11-24 04:44:47.0,2454034.697330,2454794.697772,10.697407,0.027292,10.692110,0.027801,1792,12,0.006696,0.005830,2006.561035,0.040830,10.664470,11.351630
KELT_N02_lc_070772_V01_east,N02,west,raw,V01,29.42658,37.66723,10.603,2006-10-27 07:06:26.0,2008-11-24 09:34:38.0,2454035.796138,2454794.899059,10.617729,0.033818,10.609445,0.034819,602,7,0.011628,0.008600,2801.149638,0.061390,10.580380,10.974510
KELT_N02_lc_070813_V01_east,N02,east,raw,V01,23.19614,35.84226,10.292,2006-10-26 04:44:09.0,2008-11-24 04:44:47.0,2454034.697330,2454794.697772,10.306440,0.025323,10.302015,0.025707,1792,10,0.005580,0.005645,1960.101198,0.037580,10.258970,10.791650
KELT_N02_lc_070813_V01_east,N02,west,raw,V01,23.19614,35.84226,10.357,2006-10-27 07:06:26.0,2008-11-24 09:34:38.0,2454035.796138,2454794.899059,10.381660,0.046042,10.370480,0.047382,601,5,0.008319,0.011410,4903.829665,0.100620,10.326300,11.034090
KELT_N02_lc_070837_V01_east,N02,west,raw,V01,34.46851,40.55021,10.918,2006-10-27 07:06:26.0,2008-11-24 09:34:38.0,2454035.796138,2454794.899059,10.918707,0.017482,10.915860,0.017712,603,6,0.009950,0.004300,430.401863,0.029280,10.867530,11.097440
KELT_N02_lc_054315_V01_east,N02,east,raw,V01,35.01309,32.31659,10.650,2006-10-26 04:44:09.0,2008-11-24 04:44:47.0,2454034.697330,2454794.697772,10.663610,0.021646,10.659955,0.021953,1792,15,0.008371,0.007555,1117.391105,0.046220,10.579070,10.921400
KELT_N02_lc_054315_V01_east,N02,west,raw,V01,35.01309,32.31659,10.772,2006-10-27 07:06:26.0,2008-11-24 09:34:38.0,2454035.796138,2454794.899059,10.783457,0.028116,10.776185,0.029042,602,3,0.004983,0.011765,1313.745061,0.085470,10.735770,10.998900
KELT_N02_lc_062957_V01_east,N02,east,raw,V01,19.31879,39.48022,10.895,2006-10-26 04:44:09.0,2008-11-24 04:44:47.0,2454034.697330,2454794.697772,10.911109,0.073397,10.900825,0.074114,1792,7,0.003906,0.009580,17511.282299,0.084370,10.793390,13.164590
KELT_N02_lc_062957_V01_east,N02,west,raw,V01,19.31879,39.48022,10.997,2006-10-27 07:06:26.0,2008-11-24 09:34:38.0,2454035.796138,2454794.899059,10.996682,0.023781,10.994735,0.023861,604,2,0.003311,0.004775,413.107171,0.030770,10.912210,11.468950
KELT_N02_lc_051241_V01_east,N02,east,raw,V01,37.57069,33.83217,9.927,2006-10-26 04:44:09.0,2008-11-24 04:44:47.0,2454034.697330,2454794.697772,9.937111,0.011308,9.934405,0.011627,1792,10,0.005580,0.004185,922.430687,0.026500,9.905980,10.057500
KELT_N02_lc_051241_V01_east,N02,west,raw,V01,37.57069,33.83217,10.116,2006-10-27 07:06:26.0,2008-11-24 09:34:38.0,2454035.796138,2454794.899059,10.124532,0.022288,10.119390,0.022874,602,2,0.003322,0.010700,2051.890077,0.068050,10.079860,10.289820
KELT_N02_lc_058234_V01_east,N02,east,raw,V01,25.66970,38.51593,10.936,2006-10-26 04:44:09.0,2008-11-24 04:44:47.0,2454034.697330,2454794.697772,10.950188,0.034867,10.944600,0.035312,1792,9,0.005022,0.008705,1569.781470,0.052010,10.890950,11.799760
KELT_N02_lc_058234_V01_east,N02,west,raw,V01,25.66970,38.51593,10.959,2006-10-27 07:06:26.0,2008-11-24 09:34:38.0,2454035.796138,2454794.899059,10.959147,0.033156,10.955980,0.033307,603,3,0.004975,0.009010,705.729441,0.054750,10.359930,11.153290
KELT_N02_lc_060509_V01_east,N02,east,raw,V01,21.92586,31.96492,10.615,2006-10-26 04:44:09.0,2008-11-24 04:44:47.0,2454034.697330,2454794.697772,10.624008,0.037034,10.618270,0.037476,1792,9,0.005022,0.007530,3092.144254,0.055820,10.550790,11.372890
KELT_N02_lc_060509_V01_east,N02,west,raw,V01,21.92586,31.96492,10.565,2006-10-27 07:06:26.0,2008-11-24 09:34:38.0,2454035.796138,2454794.899059,10.586407,0.033794,10.577370,0.034983,601,3,0.004992,0.012110,2578.785017,0.090060,10.538270,10.932030
KELT_N02_lc_063157_V01_east,N02,east,raw,V01,39.69279,33.41750,10.504,2006-10-26 04:44:09.0,2008-11-24 04:44:47.0,2454034.697330,2454794.697772,10.517219,0.027911,10.512455,0.028314,1792,17,0.009487,0.008055,2407.811405,0.049740,10.467840,10.797320
KELT_N02_lc_063157_V01_east,N02,west,raw,V01,39.69279,33.41750,10.675,2006-10-27 07:06:26.0,2008-11-24 09:34:38.0,2454035.796138,2454794.899059,10.676363,0.025339,10.670625,0.025981,602,2,0.003322,0.008860,1261.755308,0.070930,10.563020,10.953770
KELT_N02_lc_071658_V01_east,N02,east,raw,V01,39.57667,37.72521,10.182,2006-10-26 04:44:09.0,2008-11-24 04:44:47.0,2454034.697330,2454794.697772,10.200046,0.022667,10.195540,0.023111,1792,15,0.008371,0.005585,1952.506790,0.039290,10.166590,10.596890
KELT_N02_lc_071658_V01_east,N02,west,raw,V01,39.57667,37.72521,10.228,2006-10-27 07:06:26.0,2008-11-24 09:34:38.0,2454035.796138,2454794.899059,10.239953,0.038105,10.232645,0.038801,602,4,0.006645,0.010115,4192.122731,0.068060,10.165450,10.684880
KELT_N02_lc_060639_V01_east,N02,east,raw,V01,28.72414,40.70252,9.946,2006-10-26 04:44:09.0,2008-11-24 04:44:47.0,2454034.697330,2454794.697772,9.958103,0.019500,9.954410,0.019847,1792,7,0.003906,0.003905,1296.150366,0.027780,9.931390,10.323250
KELT_N02_lc_060639_V01_east,N02,west,raw,V01,28.72414,40.70252,9.998,2006-10-27 07:06:26.0,2008-11-24 09:34:38.0,2454035.796138,2454794.899059,10.022524,0.053447,10.010750,0.054730,602,4,0.006645,0.012525,11057.402203,0.094510,9.964060,10.827220
KELT_N02_lc_066747_V01_east,N02,east,raw,V01,19.34773,31.74348,10.174,2006-10-26 04:44:09.0,2008-11-24 04:44:47.0,2454034.697330,2454794.697772,10.187505,0.029221,10.182340,0.029674,1790,14,0.007821,0.008155,2539.210508,0.053540,10.102960,10.678950
KELT_N02_lc_066747_V01_east,N02,west,raw,V01,19.34773,31.74348,10.147,2006-10-27 07:06:26.0,2008-11-24 09:34:38.0,2454035.796138,2454794.899059,10.168487,0.040984,10.159130,0.042040,601,5,0.008319,0.013850,4842.463570,0.101510,10.110140,10.679410
KELT_N02_lc_071884_V01_east,N02,west,raw,V01,27.78809,38.02208,10.420,2006-10-27 07:06:26.0,2008-11-24 09:34:38.0,2454035.796138,2454794.899059,10.441830,0.044896,10.438330,0.045033,602,4,0.006645,0.017185,5609.705131,0.111300,10.342620,10.937190
KELT_N02_lc_071902_V01_east,N02,east,raw,V01,38.39148,31.40693,10.849,2006-10-26 04:44:09.0,2008-11-24 04:44:47.0,2454034.697330,2454794.697772,10.869035,0.035115,10.862295,0.035757,1792,22,0.012277,0.009105,2133.803630,0.070360,10.807830,11.214900
KELT_N02_lc_071902_V01_east,N02,west,raw,V01,38.39148,31.40693,10.900,2006-10-27 07:06:26.0,2008-11-24 09:34:38.0,2454035.796138,2454794.899059,10.905199,0.030172,10.898155,0.030985,602,3,0.004983,0.011790,1199.116631,0.088330,10.854690,11.155400
KELT_N02_lc_071917_V01_east,N02,east,raw,V01,23.02850,34.79754,10.341,2006-10-26 04:44:09.0,2008-11-24 04:44:47.0,2454034.697330,2454794.697772,10.361895,0.032047,10.356110,0.032565,1792,11,0.006138,0.005930,3432.872247,0.046020,10.319260,11.068890
KELT_N02_lc_072082_V01_east,N02,west,raw,V01,34.64982,40.27848,10.977,2006-10-27 07:06:26.0,2008-11-24 09:34:38.0,2454035.796138,2454794.899059,10.977452,0.011381,10.975470,0.011552,605,6,0.009917,0.003300,167.596322,0.021270,10.955980,11.105090
KELT_N02_lc_072290_V01_east,N02,east,raw,V01,40.38515,34.51735,10.979,2006-10-26 04:44:09.0,2008-11-24 04:44:47.0,2454034.697330,2454794.697772,10.989291,0.062937,10.982185,0.063337,1792,7,0.003906,0.016720,2944.559618,0.099190,10.484230,12.457240
KELT_N02_lc_072290_V01_east,N02,west,raw,V01,40.38515,34.51735,10.490,2006-10-27 07:06:26.0,2008-11-24 09:34:38.0,2454035.796138,2454794.899059,10.489070,0.060900,10.484525,0.061069,602,3,0.004983,0.031225,6577.608718,0.152440,10.359030,11.180510
KELT_N02_lc_054678_V01_east,N02,east,raw,V01,26.64504,19.07924,10.878,2006-10-26 04:44:09.0,2008-11-24 04:44:47.0,2454034.697330,2454794.697772,10.799510,0.120049,10.784620,0.120969,1779,2,0.001124,0.033110,1355174.893600,0.192680,9.977620,15.066530
KELT_N02_lc_056475_V01_east,N02,east,raw,V01,32.41817,32.31479,10.974,2006-10-26 04:44:09.0,2008-11-24 04:44:47.0,2454034.697330,2454794.697772,10.988066,0.026584,10.982755,0.027110,1792,22,0.012277,0.008515,1090.247941,0.057380,10.933680,11.271280
KELT_N02_lc_060751_V01_east,N02,east,raw,V01,22.30105,36.62795,10.856,2006-10-26 04:44:09.0,2008-11-24 04:44:47.0,2454034.697330,2454794.697772,10.876280,0.048560,10.868265,0.049218,1792,8,0.004464,0.007450,3000.449211,0.060700,10.808780,11.962780
KELT_N02_lc_060751_V01_east,N02,west,raw,V01,22.30105,36.62795,10.907,2006-10-27 07:06:26.0,2008-11-24 09:34:38.0,2454035.796138,2454794.899059,10.922240,0.065556,10.914030,0.066069,603,2,0.003317,0.011140,2267.485833,0.078840,10.861460,12.310300
KELT_N02_lc_063522_V01_east,N02,east,raw,V01,38.53524,38.73426,10.473,2006-10-26 04:44:09.0,2008-11-24 04:44:47.0,2454034.697330,2454794.697772,10.490392,0.023268,10.485905,0.023697,1792,14,0.007812,0.006780,1489.908579,0.047660,10.453010,10.809700
KELT_N02_lc_063522_V01_east,N02,west,raw,V01,38.53524,38.73426,10.443,2006-10-27 07:06:26.0,2008-11-24 09:34:38.0,2454035.796138,2454794.899059,10.442396,0.029219,10.437020,0.029711,603,5,0.008292,0.007560,2002.758142,0.051730,10.390040,10.768030
KELT_N02_lc_066849_V01_east,N02,east,raw,V01,33.98465,33.35166,9.295,2006-10-26 04:44:09.0,2008-11-24 04:44:47.0,2454034.697330,2454794.697772,9.302953,0.005900,9.301235,0.006145,1792,7,0.003906,0.002380,796.387718,0.016450,9.290210,9.352510
KELT_N02_lc_066849_V01_east,N02,west,raw,V01,33.98465,33.35166,9.738,2006-10-27 07:06:26.0,2008-11-24 09:34:38.0,2454035.796138,2454794.899059,9.750185,0.018184,9.746160,0.018625,602,2,0.003322,0.008590,2934.745748,0.053010,9.715610,9.898410
KELT_N02_lc_072390_V01_east,N02,east,raw,V01,43.05263,37.09540,10.084,2006-10-26 04:44:09.0,2008-11-24 04:44:47.0,2454034.697330,2454794.697772,10.099838,0.025957,10.095750,0.026278,1792,16,0.008929,0.005390,6022.581780,0.039900,9.819730,10.514590
KELT_N02_lc_072390_V01_east,N02,west,raw,V01,43.05263,37.09540,10.555,2006-10-27 07:06:26.0,2008-11-24 09:34:38.0,2454035.796138,2454794.899059,10.539985,0.031935,10.535140,0.032301,602,5,0.008306,0.005635,2026.025189,0.049060,10.411340,10.874210
KELT_N02_lc_072708_V01_east,N02,west,raw,V01,17.88186,30.08364,10.668,2006-10-27 07:06:26.0,2008-11-24 09:34:38.0,2454035.796138,2454794.899059,10.747086,0.064785,10.742580,0.064942,601,3,0.004992,0.030170,5691.261745,0.161320,10.543640,11.453310
KELT_N02_lc_072719_V01_east,N02,east,raw,V01,28.96222,23.58602,10.097,2006-10-26 04:44:09.0,2008-11-24 04:44:47.0,2454034.697330,2454794.697772,10.150109,0.145791,10.121600,0.148553,1791,11,0.006142,0.012450,67460.785498,0.175720,10.071330,13.472600
KELT_N02_lc_072719_V01_east,N02,west,raw,V01,28.96222,23.58602,9.586,2006-10-27 07:06:26.0,2008-11-24 09:34:38.0,2454035.796138,2454794.899059,9.596525,0.019372,9.592860,0.019716,602,1,0.001661,0.010525,2681.543684,0.063430,9.557410,9.717480
KELT_N02_lc_073355_V01_east,N02,east,raw,V01,17.00289,20.73360,10.727,2006-10-26 04:44:09.0,2008-11-24 04:44:47.0,2454034.697330,2454794.697772,10.745059,0.043825,10.736640,0.044627,1782,16,0.008979,0.005555,15539.499583,0.077100,10.636160,11.554220
KELT_N02_lc_073355_V01_east,N02,west,raw,V01,17.00289,20.73360,10.891,2006-10-27 07:06:26.0,2008-11-24 09:34:38.0,2454035.796138,2454794.899059,10.889230,0.115675,10.876350,0.116391,561,5,0.008913,0.031190,11141.449428,0.174450,10.762530,12.385840
KELT_N02_lc_073428_V01_east,N02,east,raw,V01,17.79285,37.71998,10.536,2006-10-26 04:44:09.0,2008-11-24 04:44:47.0,2454034.697330,2454794.697772,10.548293,0.050632,10.541495,0.051087,1792,6,0.003348,0.008780,43443.252456,0.056390,10.480450,11.835130
KELT_N02_lc_073428_V01_east,N02,west,raw,V01,17.79285,37.71998,10.220,2006-10-27 07:06:26.0,2008-11-24 09:34:38.0,2454035.796138,2454794.899059,10.234788,0.072657,10.220680,0.074016,602,5,0.008306,0.015885,9456.830976,0.113900,10.120430,11.251930
KELT_N02_lc_063742_V01_east,N02,east,raw,V01,20.73131,31.83992,10.664,2006-10-26 04:44:09.0,2008-11-24 04:44:47.0,2454034.697330,2454794.697772,10.659667,0.049272,10.657095,0.049339,1790,15,0.008380,0.018555,3606.531009,0.143310,10.526420,11.139950
KELT_N02_lc_063742_V01_east,N02,west,raw,V01,20.73131,31.83992,10.721,2006-10-27 07:06:26.0,2008-11-24 09:34:38.0,2454035.796138,2454794.899059,10.739829,0.054362,10.734840,0.054591,601,1,0.001664,0.027800,3417.982833,0.158870,10.620070,11.357730
KELT_N02_lc_063785_V01_east,N02,east,raw,V01,42.60905,31.97211,10.631,2006-10-26 04:44:09.0,2008-11-24 04:44:47.0,2454034.697330,2454794.697772,10.651738,0.038638,10.643760,0.039453,1792,20,0.011161,0.007960,2769.761596,0.072130,10.509530,11.110670
KELT_N02_lc_063785_V01_east,N02,west,raw,V01,42.60905,31.97211,10.836,2006-10-27 07:06:26.0,2008-11-24 09:34:38.0,2454035.796138,2454794.899059,10.828781,0.032651,10.825020,0.032867,602,6,0.009967,0.009180,1356.437055,0.058410,10.594010,11.221380
KELT_N02_lc_067392_V01_east,N02,east,raw,V01,23.73976,33.11784,10.509,2006-10-26 04:44:09.0,2008-11-24 04:44:47.0,2454034.697330,2454794.697772,10.520568,0.028705,10.515515,0.029147,1792,10,0.005580,0.007135,2660.602490,0.047780,10.460660,11.082490
KELT_N02_lc_067392_V01_east,N02,west,raw,V01,23.73976,33.11784,10.550,2006-10-27 07:06:26.0,2008-11-24 09:34:38.0,2454035.796138,2454794.899059,10.565669,0.032125,10.557630,0.033117,601,2,0.003328,0.011340,2414.644713,0.082630,10.519080,10.982620
KELT_N02_lc_073589_V01_east,N02,west,raw,V01,37.67339,40.17248,10.453,2006-10-27 07:06:26.0,2008-11-24 09:34:38.0,2454035.796138,2454794.899059,10.451188,0.027660,10.445760,0.028188,605,5,0.008264,0.007160,1866.673032,0.046790,10.410470,10.728150
KELT_N02_lc_058913_V01_east,N02,west,raw,V01,25.53107,39.41303,10.881,2006-10-27 07:06:26.0,2008-11-24 09:34:38.0,2454035.796138,2454794.899059,10.887806,0.030167,10.884900,0.030307,601,2,0.003328,0.015200,1069.961647,0.079860,10.811570,11.144500
KELT_N02_lc_058927_V01_east,N02,east,raw,V01,35.70995,41.39441,10.185,2006-10-26 04:44:09.0,2008-11-24 04:44:47.0,2454034.697330,2454794.697772,10.203070,0.022052,10.199240,0.022382,1792,14,0.007812,0.005565,1478.141982,0.037980,9.973260,10.529490
KELT_N02_lc_058927_V01_east,N02,west,raw,V01,35.70995,41.39441,9.921,2006-10-27 07:06:26.0,2008-11-24 09:34:38.0,2454035.796138,2454794.899059,9.927188,0.040390,9.919745,0.041071,602,5,0.008306,0.007665,7696.529002,0.061090,9.884160,10.409850
KELT_N02_lc_047638_V01_east,N02,east,raw,V01,42.50344,30.52550,10.801,2006-10-26 04:44:09.0,2008-11-24 04:44:47.0,2454034.697330,2454794.697772,10.828997,0.048534,10.818390,0.049681,1792,19,0.010603,0.009420,3183.606819,0.092650,10.514710,11.490450
KELT_N02_lc_047638_V01_east,N02,west,raw,V01,42.50344,30.52550,10.785,2006-10-27 07:06:26.0,2008-11-24 09:34:38.0,2454035.796138,2454794.899059,10.785173,0.058030,10.780900,0.058187,601,4,0.006656,0.008520,3540.722574,0.066050,9.898710,11.383590
KELT_N02_lc_055022_V01_east,N02,east,raw,V01,35.97265,33.85622,10.840,2006-10-26 04:44:09.0,2008-11-24 04:44:47.0,2454034.697330,2454794.697772,10.857476,0.028933,10.852620,0.029338,1792,18,0.010045,0.009995,1485.175844,0.060380,10.787860,11.153240
KELT_N02_lc_055022_V01_east,N02,west,raw,V01,35.97265,33.85622,10.906,2006-10-27 07:06:26.0,2008-11-24 09:34:38.0,2454035.796138,2454794.899059,10.914942,0.026978,10.909000,0.027625,602,3,0.004983,0.011235,986.443886,0.082460,10.870220,11.151810
KELT_N02_lc_055107_V01_east,N02,east,raw,V01,36.29414,33.86605,9.740,2006-10-26 04:44:09.0,2008-11-24 04:44:47.0,2454034.697330,2454794.697772,9.748285,0.009207,9.746765,0.009332,1792,12,0.006696,0.004370,898.505440,0.025020,9.724710,9.827510
KELT_N02_lc_055107_V01_east,N02,west,raw,V01,36.29414,33.86605,10.036,2006-10-27 07:06:26.0,2008-11-24 09:34:38.0,2454035.796138,2454794.899059,10.046719,0.018987,10.044685,0.019095,602,3,0.004983,0.009870,1671.976335,0.058150,10.008210,10.166160
KELT_N02_lc_059107_V01_east,N02,east,raw,V01,30.06250,44.41985,10.942,2006-10-26 04:44:09.0,2008-11-24 04:44:47.0,2454034.697330,2454794.697772,10.951708,0.041854,10.945590,0.042299,1792,9,0.005022,0.008350,1651.719329,0.061950,10.547990,11.869490
KELT_N02_lc_059107_V01_east,N02,west,raw,V01,30.06250,44.41985,10.706,2006-10-27 07:06:26.0,2008-11-24 09:34:38.0,2454035.796138,2454794.899059,10.706284,0.019509,10.702330,0.019906,605,6,0.009917,0.004710,825.231632,0.036140,10.674580,10.985510
KELT_N02_lc_064552_V01_east,N02,east,raw,V01,23.47327,35.60919,9.952,2006-10-26 04:44:09.0,2008-11-24 04:44:47.0,2454034.697330,2454794.697772,9.965005,0.020920,9.960995,0.021301,1792,9,0.005022,0.005580,2239.106328,0.033890,9.934380,10.374860
KELT_N02_lc_064552_V01_east,N02,west,raw,V01,23.47327,35.60919,10.180,2006-10-27 07:06:26.0,2008-11-24 09:34:38.0,2454035.796138,2454794.899059,10.203431,0.044118,10.194110,0.045094,601,3,0.004992,0.013150,5422.272782,0.103870,10.151950,10.782300
KELT_N02_lc_064556_V01_east,N02,east,raw,V01,27.16238,37.95218,9.815,2006-10-26 04:44:09.0,2008-11-24 04:44:47.0,2454034.697330,2454794.697772,9.823812,0.011809,9.821135,0.012108,1792,12,0.006696,0.003280,1092.069906,0.022140,9.804040,10.020910
KELT_N02_lc_064556_V01_east,N02,west,raw,V01,27.16238,37.95218,9.724,2006-10-27 07:06:26.0,2008-11-24 09:34:38.0,2454035.796138,2454794.899059,9.741718,0.054046,9.731425,0.055019,602,3,0.004983,0.011675,10739.411061,0.090320,9.677540,10.730060
KELT_N02_lc_055234_V01_east,N02,east,raw,V01,27.20934,34.14240,10.348,2006-10-26 04:44:09.0,2008-11-24 04:44:47.0,2454034.697330,2454794.697772,10.356355,0.025321,10.354955,0.025360,1792,7,0.003906,0.009950,2367.859841,0.060150,10.294420,10.949320
KELT_N02_lc_055234_V01_east,N02,west,raw,V01,27.20934,34.14240,10.334,2006-10-27 07:06:26.0,2008-11-24 09:34:38.0,2454035.796138,2454794.899059,10.353914,0.046112,10.350110,0.046268,602,1,0.001661,0.020470,6400.962615,0.119180,10.271950,11.049420
KELT_N02_lc_055293_V01_east,N02,east,raw,V01,18.31561,34.09748,10.976,2006-10-26 04:44:09.0,2008-11-24 04:44:47.0,2454034.697330,2454794.697772,11.001304,0.072835,10.989360,0.073808,1792,6,0.003348,0.008450,67175.233325,0.089800,10.932380,13.011870
KELT_N02_lc_055293_V01_east,N02,west,raw,V01,18.31561,34.09748,10.985,2006-10-27 07:06:26.0,2008-11-24 09:34:38.0,2454035.796138,2454794.899059,11.010739,0.104406,10.998260,0.105150,602,1,0.001661,0.010930,4378.489337,0.079600,10.966450,13.434590
KELT_N02_lc_057139_V01_east,N02,east,raw,V01,38.21925,34.54112,9.758,2006-10-26 04:44:09.0,2008-11-24 04:44:47.0,2454034.697330,2454794.697772,9.770911,0.010414,9.768070,0.010795,1792,11,0.006138,0.003330,888.975255,0.026140,9.752050,9.886540
KELT_N02_lc_057139_V01_east,N02,west,raw,V01,38.21925,34.54112,9.630,2006-10-27 07:06:26.0,2008-11-24 09:34:38.0,2454035.796138,2454794.899059,9.642598,0.023556,9.638660,0.023884,602,3,0.004983,0.012395,3770.385651,0.072750,9.594690,9.805160
KELT_N02_lc_059279_V01_east,N02,east,raw,V01,43.09583,42.02225,10.554,2006-10-26 04:44:09.0,2008-11-24 04:44:47.0,2454034.697330,2454794.697772,10.569570,0.033252,10.564840,0.033587,1792,15,0.008371,0.007410,3271.290975,0.052210,10.186980,11.118380
KELT_N02_lc_059279_V01_east,N02,west,raw,V01,43.09583,42.02225,10.583,2006-10-27 07:06:26.0,2008-11-24 09:34:38.0,2454035.796138,2454794.899059,10.577894,0.018332,10.576440,0.018390,605,5,0.008264,0.004960,666.770419,0.031810,10.357010,10.772080
KELT_N02_lc_068585_V01_east,N02,east,raw,V01,42.72421,35.39485,9.784,2006-10-26 04:44:09.0,2008-11-24 04:44:47.0,2454034.697330,2454794.697772,9.796646,0.019929,9.793080,0.020246,1792,12,0.006696,0.003740,2886.824883,0.027570,9.586460,10.241290
KELT_N02_lc_068585_V01_east,N02,west,raw,V01,42.72421,35.39485,10.248,2006-10-27 07:06:26.0,2008-11-24 09:34:38.0,2454035.796138,2454794.899059,10.237546,0.043737,10.229400,0.044491,602,6,0.009967,0.008130,4974.588767,0.067510,9.896180,10.655080
KELT_N02_lc_046614_V01_east,N02,east,raw,V01,25.59812,32.96054,10.458,2006-10-26 04:44:09.0,2008-11-24 04:44:47.0,2454034.697330,2454794.697772,10.470723,0.025786,10.466670,0.026103,1792,8,0.004464,0.007180,2286.368520,0.045410,10.398990,11.159200
KELT_N02_lc_046614_V01_east,N02,west,raw,V01,25.59812,32.96054,10.388,2006-10-27 07:06:26.0,2008-11-24 09:34:38.0,2454035.796138,2454794.899059,10.406614,0.119663,10.395105,0.120217,602,1,0.001661,0.011705,50694.274315,0.082330,10.355480,13.248990
KELT_N02_lc_057243_V01_east,N02,west,raw,V01,29.00254,43.06104,10.934,2006-10-27 07:06:26.0,2008-11-24 09:34:38.0,2454035.796138,2454794.899059,10.934966,0.010017,10.933860,0.010078,603,5,0.008292,0.004230,112.412001,0.022370,10.903110,11.020980
KELT_N02_lc_059579_V01_east,N02,east,raw,V01,18.21759,32.07356,10.966,2006-10-26 04:44:09.0,2008-11-24 04:44:47.0,2454034.697330,2454794.697772,10.977041,0.039376,10.968600,0.040271,1790,11,0.006145,0.006670,1674.047326,0.077000,10.867120,11.532470
KELT_N02_lc_059579_V01_east,N02,west,raw,V01,18.21759,32.07356,10.945,2006-10-27 07:06:26.0,2008-11-24 09:34:38.0,2454035.796138,2454794.899059,10.978405,0.208202,10.958995,0.209106,602,1,0.001661,0.014005,29777.236502,0.106330,10.898020,15.963220
KELT_N02_lc_068998_V01_east,N02,east,raw,V01,25.51296,35.24429,9.906,2006-10-26 04:44:09.0,2008-11-24 04:44:47.0,2454034.697330,2454794.697772,9.916429,0.011316,9.914030,0.011568,1792,8,0.004464,0.004095,908.833873,0.027680,9.894400,10.099280
KELT_N02_lc_068998_V01_east,N02,west,raw,V01,25.51296,35.24429,9.679,2006-10-27 07:06:26.0,2008-11-24 09:34:38.0,2454035.796138,2454794.899059,9.698983,0.033481,9.689370,0.034836,601,4,0.006656,0.009810,7429.933756,0.078880,9.658500,10.113020
KELT_N02_lc_055435_V01_east,N02,west,raw,V01,18.44318,27.13109,10.994,2006-10-27 07:06:26.0,2008-11-24 09:34:38.0,2454035.796138,2454794.899059,11.050459,0.075214,11.045445,0.075382,602,4,0.006645,0.023610,5626.652552,0.107880,10.948070,12.024540
KELT_N02_lc_065080_V01_east,N02,east,raw,V01,30.30671,41.21231,10.674,2006-10-26 04:44:09.0,2008-11-24 04:44:47.0,2454034.697330,2454794.697772,10.693858,0.044703,10.687195,0.045197,1792,7,0.003906,0.007795,2760.159782,0.056820,10.645540,11.996090
KELT_N02_lc_065080_V01_east,N02,west,raw,V01,30.30671,41.21231,10.471,2006-10-27 07:06:26.0,2008-11-24 09:34:38.0,2454035.796138,2454794.899059,10.475797,0.035419,10.468795,0.036106,602,5,0.008306,0.008500,2847.528863,0.064460,10.434050,10.963990
KELT_N02_lc_069077_V01_east,N02,east,raw,V01,41.74629,35.98437,9.873,2006-10-26 04:44:09.0,2008-11-24 04:44:47.0,2454034.697330,2454794.697772,9.886962,0.021108,9.883500,0.021391,1792,9,0.005022,0.004010,4136.845484,0.028870,9.577510,10.314510
KELT_N02_lc_069077_V01_east,N02,west,raw,V01,41.74629,35.98437,10.204,2006-10-27 07:06:26.0,2008-11-24 09:34:38.0,2454035.796138,2454794.899059,10.194670,0.092826,10.185425,0.093286,602,1,0.001661,0.008000,15339.469124,0.071120,10.052750,12.289320
KELT_N02_lc_069110_V01_east,N02,east,raw,V01,39.33770,39.89537,10.774,2006-10-26 04:44:09.0,2008-11-24 04:44:47.0,2454034.697330,2454794.697772,10.798417,0.042422,10.790275,0.043197,1792,16,0.008929,0.009255,2310.617638,0.084800,10.180940,11.243910
KELT_N02_lc_069110_V01_east,N02,west,raw,V01,39.33770,39.89537,10.905,2006-10-27 07:06:26.0,2008-11-24 09:34:38.0,2454035.796138,2454794.899059,10.905379,0.007418,10.905190,0.007420,602,3,0.004983,0.004335,57.464622,0.021370,10.856790,10.957760
KELT_N02_lc_069298_V01_east,N02,east,raw,V01,27.17162,32.68880,9.622,2006-10-26 04:44:09.0,2008-11-24 04:44:47.0,2454034.697330,2454794.697772,9.630596,0.010528,9.628255,0.010785,1792,4,0.002232,0.003725,1274.315846,0.024440,9.603550,9.887620
KELT_N02_lc_069298_V01_east,N02,west,raw,V01,27.17162,32.68880,9.413,2006-10-27 07:06:26.0,2008-11-24 09:34:38.0,2454035.796138,2454794.899059,9.419504,0.022903,9.416040,0.023164,601,1,0.001664,0.007970,7907.656512,0.048460,9.388330,9.840600
KELT_N02_lc_055562_V01_east,N02,east,raw,V01,36.01181,42.10189,10.513,2006-10-26 04:44:09.0,2008-11-24 04:44:47.0,2454034.697330,2454794.697772,10.532654,0.030589,10.527280,0.031058,1792,17,0.009487,0.006910,1613.450954,0.050940,10.177370,11.090030
KELT_N02_lc_055562_V01_east,N02,west,raw,V01,36.01181,42.10189,10.288,2006-10-27 07:06:26.0,2008-11-24 09:34:38.0,2454035.796138,2454794.899059,10.284306,0.036256,10.278420,0.036731,603,5,0.008292,0.008600,3834.326376,0.052930,10.243540,10.699750
KELT_N02_lc_059867_V01_east,N02,east,raw,V01,43.56125,42.59019,10.993,2006-10-26 04:44:09.0,2008-11-24 04:44:47.0,2454034.697330,2454794.697772,11.008936,0.033297,11.003740,0.033700,1792,16,0.008929,0.009660,1657.367225,0.068180,10.646060,11.342670
KELT_N02_lc_059867_V01_east,N02,west,raw,V01,43.56125,42.59019,10.948,2006-10-27 07:06:26.0,2008-11-24 09:34:38.0,2454035.796138,2454794.899059,10.948570,0.004354,10.948540,0.004354,605,3,0.004959,0.002390,22.494523,0.011790,10.913740,10.977130
KELT_N02_lc_069453_V01_east,N02,east,raw,V01,23.95777,33.83437,10.245,2006-10-26 04:44:09.0,2008-11-24 04:44:47.0,2454034.697330,2454794.697772,10.253588,0.017456,10.250710,0.017692,1792,10,0.005580,0.005980,1346.610894,0.038520,10.180880,10.570340
KELT_N02_lc_069453_V01_east,N02,west,raw,V01,23.95777,33.83437,10.267,2006-10-27 07:06:26.0,2008-11-24 09:34:38.0,2454035.796138,2454794.899059,10.280682,0.030654,10.273690,0.031442,601,2,0.003328,0.011360,3139.553387,0.080160,10.224390,10.647310
KELT_N02_lc_001388_V01_east,N02,east,tfa,V01,21.59602,20.06730,10.416,2006-10-26 04:44:09.0,2008-11-24 04:44:47.0,2454034.697330,2454794.697772,10.441237,0.026593,10.435965,0.027111,1744,10,0.005734,0.009885,1091.657916,0.079730,10.374450,10.603170
KELT_N02_lc_001388_V01_east,N02,west,tfa,V01,21.59602,20.06730,10.337,2006-10-27 07:06:26.0,2008-11-24 09:34:38.0,2454035.796138,2454794.899059,10.358102,0.014361,10.356805,0.014419,592,3,0.005068,0.006770,407.131956,0.043380,10.323780,10.433760
KELT_N02_lc_001953_V01_east,N02,east,tfa,V01,34.78578,19.68645,10.985,2006-10-26 04:44:09.0,2008-11-24 04:44:47.0,2454034.697330,2454794.697772,10.989266,0.007347,10.989020,0.007351,1773,3,0.001692,0.003970,42.457756,0.022800,10.941080,11.023000
KELT_N02_lc_050850_V01_east,N02,east,raw,V01,36.36765,32.40576,10.646,2006-10-26 04:44:09.0,2008-11-24 04:44:47.0,2454034.697330,2454794.697772,10.661174,0.023445,10.656895,0.023833,1792,17,0.009487,0.007550,1320.866427,0.050100,10.592510,10.895680
KELT_N02_lc_050850_V01_east,N02,west,raw,V01,36.36765,32.40576,10.758,2006-10-27 07:06:26.0,2008-11-24 09:34:38.0,2454035.796138,2454794.899059,10.766495,0.025779,10.761195,0.026319,602,1,0.001661,0.011800,1090.454296,0.085750,10.706830,10.902400
KELT_N02_lc_059997_V01_east,N02,east,raw,V01,21.12506,23.94234,10.764,2006-10-26 04:44:09.0,2008-11-24 04:44:47.0,2454034.697330,2454794.697772,10.729598,0.091228,10.713305,0.092673,1792,5,0.002790,0.029165,9946.601637,0.174570,10.308320,13.069300
KELT_N02_lc_059997_V01_east,N02,west,raw,V01,21.12506,23.94234,10.524,2006-10-27 07:06:26.0,2008-11-24 09:34:38.0,2454035.796138,2454794.899059,10.544469,0.038592,10.543050,0.038618,602,3,0.004983,0.022325,3179.871951,0.106130,10.454210,10.834660
KELT_N02_lc_062685_V01_east,N02,east,raw,V01,25.01741,40.68417,10.562,2006-10-26 04:44:09.0,2008-11-24 04:44:47.0,2454034.697330,2454794.697772,10.574529,0.029098,10.570110,0.029432,1792,15,0.008371,0.008090,2456.053645,0.051230,10.428740,11.107030
KELT_N02_lc_062685_V01_east,N02,west,raw,V01,25.01741,40.68417,10.494,2006-10-27 07:06:26.0,2008-11-24 09:34:38.0,2454035.796138,2454794.899059,10.500334,0.029769,10.493640,0.030513,602,5,0.008306,0.008760,1905.938573,0.059800,10.459090,10.837250
KELT_N02_lc_070516_V01_east,N02,east,raw,V01,16.15127,39.99095,10.902,2006-10-26 04:44:09.0,2008-11-24 04:44:47.0,2454034.697330,2454794.697772,10.925400,0.128500,10.911605,0.129239,1792,3,0.001674,0.008630,103619.086865,0.081790,10.866300,14.538240
KELT_N02_lc_070516_V01_east,N02,west,raw,V01,16.15127,39.99095,10.909,2006-10-27 07:06:26.0,2008-11-24 09:34:38.0,2454035.796138,2454794.899059,10.913641,0.013672,10.911460,0.013846,602,3,0.004983,0.005515,155.927741,0.032720,10.815140,11.086660
KELT_N02_lc_048285_V01_east,N02,west,raw,V01,20.07337,43.51046,10.919,2006-10-27 07:06:26.0,2008-11-24 09:34:38.0,2454035.796138,2454794.899059,10.919520,0.020974,10.918170,0.021018,546,1,0.001832,0.004045,692.058412,0.023990,10.885950,11.347690
KELT_N02_lc_009602_V01_east,N02,east,tfa,V01,41.86608,19.36974,10.953,2006-10-26 04:44:09.0,2008-11-24 04:44:47.0,2454034.697330,2454794.697772,10.950605,0.013546,10.951220,0.013560,1785,7,0.003922,0.007410,152.356431,0.038010,10.844780,11.022590
KELT_N02_lc_003326_V01_east,N02,east,tfa,V01,36.38153,29.88013,10.598,2006-10-26 04:44:09.0,2008-11-24 04:44:47.0,2454034.697330,2454794.697772,10.614522,0.009344,10.613310,0.009422,1761,12,0.006814,0.004330,225.383243,0.024800,10.571670,10.682770
KELT_N02_lc_003326_V01_east,N02,west,tfa,V01,36.38153,29.88013,10.675,2006-10-27 07:06:26.0,2008-11-24 09:34:38.0,2454035.796138,2454794.899059,10.686995,0.012256,10.685830,0.012311,597,0,0.000000,0.006950,266.493926,0.037030,10.652810,10.743480
KELT_N02_lc_004471_V01_east,N02,east,tfa,V01,37.66092,19.85373,10.358,2006-10-26 04:44:09.0,2008-11-24 04:44:47.0,2454034.697330,2454794.697772,10.379392,0.024711,10.375965,0.024948,1748,9,0.005149,0.010365,1030.155079,0.071620,10.265350,10.547960
KELT_N02_lc_004471_V01_east,N02,west,tfa,V01,37.66092,19.85373,10.350,2006-10-27 07:06:26.0,2008-11-24 09:20:47.0,2454035.796138,2454794.889436,10.362228,0.017209,10.361045,0.017250,592,2,0.003378,0.008185,525.963305,0.053220,10.250700,10.465150
KELT_N02_lc_008534_V01_east,N02,west,tfa,V01,41.81501,22.95839,10.951,2006-10-27 07:06:26.0,2008-11-24 09:34:38.0,2454035.796138,2454794.899059,10.967606,0.018425,10.966330,0.018470,584,2,0.003425,0.008390,327.104796,0.051020,10.886910,11.060890
KELT_N02_lc_010803_V01_east,N02,east,tfa,V01,27.78917,20.51309,10.977,2006-10-26 04:44:09.0,2008-11-24 04:44:47.0,2454034.697330,2454794.697772,10.983716,0.006641,10.983410,0.006649,1779,3,0.001686,0.004010,36.571654,0.019980,10.960190,11.034470
KELT_N02_lc_019711_V01_east,N02,east,tfa,V01,36.74396,26.03907,10.953,2006-10-26 04:44:09.0,2008-11-24 04:44:47.0,2454034.697330,2454794.697772,10.967630,0.011702,10.965850,0.011836,1757,8,0.004553,0.005200,178.756760,0.035830,10.928830,11.038530
KELT_N02_lc_019711_V01_east,N02,west,tfa,V01,36.74396,26.03907,10.783,2006-10-27 07:06:26.0,2008-11-24 09:34:38.0,2454035.796138,2454794.899059,10.804723,0.014323,10.802695,0.014466,594,2,0.003367,0.006615,298.658318,0.046590,10.776020,10.880490
KELT_N02_lc_018522_V01_east,N02,east,tfa,V01,43.57547,20.56302,10.851,2006-10-26 04:44:09.0,2008-11-24 04:44:47.0,2454034.697330,2454794.697772,10.857368,0.033240,10.855395,0.033298,1776,16,0.009009,0.011640,1009.135201,0.071140,10.595250,11.172030
KELT_N02_lc_018522_V01_east,N02,west,tfa,V01,43.57547,20.56302,10.953,2006-10-27 07:06:26.0,2008-11-24 09:34:38.0,2454035.796138,2454794.899059,10.957255,0.020672,10.956940,0.020674,587,1,0.001704,0.009810,370.915303,0.058190,10.862800,11.065470
KELT_N02_lc_016726_V01_east,N02,east,tfa,V01,33.65962,28.69128,9.929,2006-10-26 04:44:09.0,2008-11-24 04:44:47.0,2454034.697330,2454794.697772,9.947464,0.009576,9.946015,0.009685,1768,11,0.006222,0.004615,517.808000,0.026150,9.922910,10.015790
KELT_N02_lc_016726_V01_east,N02,west,tfa,V01,33.65962,28.69128,10.107,2006-10-27 07:06:26.0,2008-11-24 09:34:38.0,2454035.796138,2454794.899059,10.121012,0.007850,10.120410,0.007873,600,1,0.001667,0.004360,219.483578,0.024320,10.099600,10.171830
KELT_N02_lc_012632_V01_east,N02,east,tfa,V01,34.74160,23.16723,10.580,2006-10-26 04:44:09.0,2008-11-24 04:44:47.0,2454034.697330,2454794.697772,10.583722,0.016338,10.582325,0.016398,1760,6,0.003409,0.007345,339.401956,0.045490,10.466880,10.677000
KELT_N02_lc_012632_V01_east,N02,west,tfa,V01,34.74160,23.16723,10.655,2006-10-27 07:06:26.0,2008-11-24 09:34:38.0,2454035.796138,2454794.899059,10.667541,0.012481,10.667525,0.012481,596,1,0.001678,0.006475,167.651778,0.036800,10.624370,10.754450
KELT_N02_lc_012094_V01_east,N02,east,tfa,V01,24.65401,21.39718,10.278,2006-10-26 04:44:09.0,2008-11-24 04:44:47.0,2454034.697330,2454794.697772,10.297993,0.018482,10.294225,0.018862,1736,10,0.005760,0.007390,611.204858,0.051600,10.252360,10.450190
KELT_N02_lc_012094_V01_east,N02,west,tfa,V01,24.65401,21.39718,10.485,2006-10-27 07:06:26.0,2008-11-24 09:20:47.0,2454035.796138,2454794.889436,10.503669,0.015474,10.502140,0.015549,592,1,0.001689,0.008320,342.762744,0.049440,10.462700,10.592180
KELT_N02_lc_012738_V01_east,N02,east,tfa,V01,29.51427,31.13517,9.436,2006-10-26 04:44:09.0,2008-11-24 04:44:47.0,2454034.697330,2454794.697772,9.443536,0.003670,9.443130,0.003692,1787,2,0.001119,0.002230,207.649374,0.012010,9.431510,9.468870
KELT_N02_lc_012738_V01_east,N02,west,tfa,V01,29.51427,31.13517,9.426,2006-10-27 07:06:26.0,2008-11-24 09:34:38.0,2454035.796138,2454794.899059,9.432847,0.008349,9.431880,0.008405,596,1,0.001678,0.005635,906.483858,0.024990,9.414320,9.478380
KELT_N02_lc_018314_V01_east,N02,east,tfa,V01,37.20295,29.93110,9.792,2006-10-26 04:44:09.0,2008-11-24 04:44:47.0,2454034.697330,2454794.697772,9.802391,0.006283,9.801495,0.006346,1772,3,0.001693,0.003430,384.190395,0.020650,9.784380,9.836330
KELT_N02_lc_018314_V01_east,N02,west,tfa,V01,37.20295,29.93110,9.707,2006-10-27 07:06:26.0,2008-11-24 09:34:38.0,2454035.796138,2454794.899059,9.713025,0.005944,9.713090,0.005945,600,1,0.001667,0.003430,296.538078,0.017460,9.679900,9.741210
KELT_N02_lc_024768_V01_east,N02,east,tfa,V01,30.53223,28.39971,10.193,2006-10-26 04:44:09.0,2008-11-24 04:44:47.0,2454034.697330,2454794.697772,10.213062,0.014936,10.210000,0.015246,1762,10,0.005675,0.006585,640.673696,0.040480,10.180180,10.321600
KELT_N02_lc_024768_V01_east,N02,west,tfa,V01,30.53223,28.39971,10.252,2006-10-27 07:06:26.0,2008-11-24 09:34:38.0,2454035.796138,2454794.899059,10.266521,0.007735,10.266350,0.007737,597,1,0.001675,0.004320,214.346046,0.023680,10.234490,10.326860
KELT_N02_lc_028360_V01_east,N02,east,tfa,V01,30.38833,23.39515,10.758,2006-10-26 04:44:09.0,2008-11-24 04:44:47.0,2454034.697330,2454794.697772,10.768127,0.013453,10.766390,0.013565,1761,3,0.001704,0.006020,196.651082,0.041620,10.715270,10.837480
KELT_N02_lc_022206_V01_east,N02,east,tfa,V01,37.30775,23.46694,10.388,2006-10-26 04:44:09.0,2008-11-24 04:44:47.0,2454034.697330,2454794.697772,10.398036,0.019186,10.395295,0.019381,1762,13,0.007378,0.007500,593.165271,0.055420,10.284670,10.521600
KELT_N02_lc_022206_V01_east,N02,west,tfa,V01,37.30775,23.46694,10.216,2006-10-27 07:06:26.0,2008-11-24 09:34:38.0,2454035.796138,2454794.899059,10.231088,0.014107,10.229135,0.014241,594,2,0.003367,0.006440,463.029693,0.040420,10.198060,10.325410
KELT_N02_lc_028360_V01_east,N02,west,tfa,V01,30.38833,23.39515,10.888,2006-10-27 07:06:26.0,2008-11-24 09:20:47.0,2454035.796138,2454794.889436,10.910302,0.017936,10.907350,0.018178,590,2,0.003390,0.008490,275.531200,0.057150,10.864680,11.009220
KELT_N02_lc_028395_V01_east,N02,east,tfa,V01,34.53106,19.90067,9.831,2006-10-26 04:44:09.0,2008-11-24 04:44:47.0,2454034.697330,2454794.697772,9.864894,0.022705,9.860580,0.023111,1736,7,0.004032,0.009340,1679.365730,0.066330,9.787890,10.019000
KELT_N02_lc_028395_V01_east,N02,west,tfa,V01,34.53106,19.90067,10.134,2006-10-27 07:06:26.0,2008-11-24 09:20:47.0,2454035.796138,2454794.889436,10.145676,0.017700,10.144890,0.017718,597,0,0.000000,0.010320,672.774382,0.056690,10.099170,10.228470
KELT_N02_lc_023623_V01_east,N02,east,tfa,V01,26.86750,21.40976,10.925,2006-10-26 04:44:09.0,2008-11-24 04:44:47.0,2454034.697330,2454794.697772,10.914758,0.028325,10.911860,0.028473,1769,0,0.000000,0.018090,696.851972,0.089800,10.798550,11.039840
KELT_N02_lc_029901_V01_east,N02,east,tfa,V01,28.29246,28.81941,10.251,2006-10-26 04:44:09.0,2008-11-24 04:44:47.0,2454034.697330,2454794.697772,10.266964,0.012498,10.264875,0.012672,1766,12,0.006795,0.005515,419.723358,0.034430,10.235470,10.352650
KELT_N02_lc_029901_V01_east,N02,west,tfa,V01,28.29246,28.81941,10.306,2006-10-27 07:06:26.0,2008-11-24 09:20:47.0,2454035.796138,2454794.889436,10.335831,0.025475,10.330345,0.026060,590,0,0.000000,0.010345,2068.643754,0.085950,10.277000,10.452250
KELT_N02_lc_024347_V01_east,N02,east,tfa,V01,21.77020,25.43753,10.678,2006-10-26 04:44:09.0,2008-11-24 04:44:47.0,2454034.697330,2454794.697772,10.674143,0.015174,10.672155,0.015304,1756,6,0.003417,0.007130,299.312545,0.043500,10.610390,10.767190
KELT_N02_lc_024347_V01_east,N02,west,tfa,V01,21.77020,25.43753,10.545,2006-10-27 07:06:26.0,2008-11-24 09:20:47.0,2454035.796138,2454794.889436,10.575444,0.017049,10.572510,0.017300,585,0,0.000000,0.008840,540.259598,0.055700,10.537460,10.657110
KELT_N02_lc_030710_V01_east,N02,west,tfa,V01,43.84386,27.72172,10.993,2006-10-27 07:06:26.0,2008-11-24 09:34:38.0,2454035.796138,2454794.899059,10.995438,0.013207,10.994805,0.013222,590,2,0.003390,0.005920,177.514656,0.036010,10.938060,11.064330
KELT_N02_lc_021146_V01_east,N02,east,tfa,V01,19.11451,23.58916,10.996,2006-10-26 04:44:09.0,2008-11-24 04:44:47.0,2454034.697330,2454794.697772,10.997342,0.005877,10.997185,0.005879,1784,3,0.001682,0.003490,29.214295,0.017980,10.963340,11.027490
KELT_N02_lc_021146_V01_east,N02,west,tfa,V01,19.11451,23.58916,10.840,2006-10-27 07:06:26.0,2008-11-24 09:20:47.0,2454035.796138,2454794.889436,10.876295,0.025333,10.872695,0.025588,590,0,0.000000,0.013265,662.418474,0.087850,10.821320,10.987790
KELT_N02_lc_023890_V01_east,N02,east,tfa,V01,35.02010,30.18806,10.064,2006-10-26 04:44:09.0,2008-11-24 04:44:47.0,2454034.697330,2454794.697772,10.078974,0.006385,10.078260,0.006425,1770,8,0.004520,0.003050,237.009515,0.017460,10.056060,10.135230
KELT_N02_lc_023890_V01_east,N02,west,tfa,V01,35.02010,30.18806,10.167,2006-10-27 07:06:26.0,2008-11-24 09:34:38.0,2454035.796138,2454794.899059,10.176472,0.008773,10.175780,0.008800,599,2,0.003339,0.005000,305.511473,0.028000,10.147580,10.220990
KELT_N02_lc_030383_V01_east,N02,east,tfa,V01,40.96817,25.63487,10.648,2006-10-26 04:44:09.0,2008-11-24 04:44:47.0,2454034.697330,2454794.697772,10.667206,0.015811,10.664290,0.016078,1732,6,0.003464,0.006860,362.555409,0.049690,10.630810,10.768020
KELT_N02_lc_030383_V01_east,N02,west,tfa,V01,40.96817,25.63487,10.241,2006-10-27 07:06:26.0,2008-11-24 09:34:38.0,2454035.796138,2454794.899059,10.270907,0.019303,10.269550,0.019351,588,2,0.003401,0.008960,1188.679072,0.055830,10.177610,10.378280
KELT_N02_lc_037602_V01_east,N02,east,tfa,V01,21.57635,43.45810,10.132,2006-10-26 04:44:09.0,2008-11-24 04:44:47.0,2454034.697330,2454794.697772,10.142084,0.008552,10.141495,0.008572,1770,4,0.002260,0.004485,266.336007,0.025380,10.107270,10.201850
KELT_N02_lc_037602_V01_east,N02,west,tfa,V01,21.57635,43.45810,10.120,2006-10-27 07:06:26.0,2008-11-24 09:20:47.0,2454035.796138,2454794.889436,10.137200,0.026859,10.132650,0.027243,564,2,0.003546,0.014845,85427.252745,0.083240,10.071610,10.281240
KELT_N02_lc_046614_V01_east,N02,east,tfa,V01,25.59812,32.96054,10.458,2006-10-26 04:44:09.0,2008-11-24 04:44:47.0,2454034.697330,2454794.697772,10.469857,0.007578,10.469240,0.007603,1771,7,0.003953,0.003790,153.630711,0.021650,10.413820,10.515190
KELT_N02_lc_046614_V01_east,N02,west,tfa,V01,25.59812,32.96054,10.388,2006-10-27 07:06:26.0,2008-11-24 09:34:38.0,2454035.796138,2454794.899059,10.399405,0.014384,10.397390,0.014525,595,1,0.001681,0.008240,568.425593,0.045540,10.360640,10.470340
KELT_N02_lc_038541_V01_east,N02,east,tfa,V01,25.16477,43.29675,10.112,2006-10-26 04:44:09.0,2008-11-24 04:44:47.0,2454034.697330,2454794.697772,10.122769,0.007626,10.122345,0.007638,1768,7,0.003959,0.004035,255.408627,0.022810,10.094060,10.171010
KELT_N02_lc_038541_V01_east,N02,west,tfa,V01,25.16477,43.29675,9.851,2006-10-27 07:06:26.0,2008-11-24 09:34:38.0,2454035.796138,2454794.899059,9.862095,0.023517,9.857530,0.023957,590,3,0.005085,0.011890,1918.075947,0.067720,9.817680,10.004470
KELT_N02_lc_038846_V01_east,N02,east,tfa,V01,28.31292,40.72516,9.316,2006-10-26 04:44:09.0,2008-11-24 04:44:47.0,2454034.697330,2454794.697772,9.321771,0.002505,9.321420,0.002529,1780,6,0.003371,0.001270,105.267420,0.007270,9.311790,9.351100
KELT_N02_lc_038846_V01_east,N02,west,tfa,V01,28.31292,40.72516,9.916,2006-10-27 07:06:26.0,2008-11-24 09:34:38.0,2454035.796138,2454794.899059,9.933944,0.015393,9.932370,0.015473,593,1,0.001686,0.008730,799.832612,0.051120,9.888190,10.010090
KELT_N02_lc_041864_V01_east,N02,east,tfa,V01,36.86636,31.79951,9.253,2006-10-26 04:44:09.0,2008-11-24 04:44:47.0,2454034.697330,2454794.697772,9.259629,0.002159,9.259390,0.002172,1788,7,0.003915,0.001190,116.397545,0.006280,9.252340,9.275070
KELT_N02_lc_041864_V01_east,N02,west,tfa,V01,36.86636,31.79951,9.690,2006-10-27 07:06:26.0,2008-11-24 09:34:38.0,2454035.796138,2454794.899059,9.698290,0.005732,9.697880,0.005746,602,1,0.001661,0.003130,269.310566,0.017650,9.675600,9.731990
KELT_N02_lc_044986_V01_east,N02,east,tfa,V01,19.63569,43.28174,10.751,2006-10-26 04:44:09.0,2008-11-24 04:44:47.0,2454034.697330,2454794.697772,10.758186,0.016283,10.755500,0.016503,1756,13,0.007403,0.006805,460.108285,0.045870,10.713990,10.865460
KELT_N02_lc_044986_V01_east,N02,west,tfa,V01,19.63569,43.28174,10.571,2006-10-27 07:06:26.0,2008-11-24 09:34:38.0,2454035.796138,2454794.899059,10.566339,0.013567,10.563960,0.013774,560,4,0.007143,0.006805,26168.640728,0.037270,10.543510,10.664310
KELT_N02_lc_040954_V01_east,N02,east,tfa,V01,40.01117,39.83549,10.820,2006-10-26 04:44:09.0,2008-11-24 04:44:47.0,2454034.697330,2454794.697772,10.847641,0.032178,10.844990,0.032287,1767,0,0.000000,0.018580,1362.356946,0.107530,10.745500,10.969860
KELT_N02_lc_040954_V01_east,N02,west,tfa,V01,40.01117,39.83549,10.800,2006-10-27 07:06:26.0,2008-11-24 09:34:38.0,2454035.796138,2454794.899059,10.780917,0.032016,10.778725,0.032091,600,0,0.000000,0.022100,1279.188539,0.099090,10.657420,10.865040
KELT_N02_lc_041988_V01_east,N02,east,tfa,V01,32.85546,31.52656,10.037,2006-10-26 04:44:09.0,2008-11-24 04:44:47.0,2454034.697330,2454794.697772,10.050626,0.007096,10.049810,0.007143,1768,5,0.002828,0.003525,289.934845,0.020540,10.010520,10.095930
KELT_N02_lc_041988_V01_east,N02,west,tfa,V01,32.85546,31.52656,10.198,2006-10-27 07:06:26.0,2008-11-24 09:34:38.0,2454035.796138,2454794.899059,10.208340,0.010140,10.207160,0.010209,592,2,0.003378,0.005410,370.482547,0.030800,10.184670,10.282290
KELT_N02_lc_032516_V01_east,N02,east,tfa,V01,35.31170,23.42514,10.461,2006-10-26 04:44:09.0,2008-11-24 04:44:47.0,2454034.697330,2454794.697772,10.454519,0.041462,10.455730,0.041480,1759,6,0.003411,0.025010,2479.748118,0.128580,10.184560,10.676500
KELT_N02_lc_032516_V01_east,N02,west,tfa,V01,35.31170,23.42514,10.495,2006-10-27 07:06:26.0,2008-11-24 09:34:38.0,2454035.796138,2454794.899059,10.499996,0.026781,10.500960,0.026799,597,0,0.000000,0.016830,1000.871888,0.085400,10.402400,10.589220
KELT_N02_lc_033264_V01_east,N02,east,tfa,V01,25.41195,30.04709,9.761,2006-10-26 04:44:09.0,2008-11-24 04:44:47.0,2454034.697330,2454794.697772,9.771588,0.004657,9.771080,0.004684,1788,7,0.003915,0.002380,177.162032,0.013810,9.752240,9.802160
KELT_N02_lc_033264_V01_east,N02,west,tfa,V01,25.41195,30.04709,9.689,2006-10-27 07:06:26.0,2008-11-24 09:34:38.0,2454035.796138,2454794.899059,9.697030,0.004966,9.696900,0.004967,597,0,0.000000,0.002590,209.751007,0.016060,9.678990,9.717270
KELT_N02_lc_055234_V01_east,N02,east,tfa,V01,27.20934,34.14240,10.348,2006-10-26 04:44:09.0,2008-11-24 04:44:47.0,2454034.697330,2454794.697772,10.355579,0.013882,10.355570,0.013882,1777,0,0.000000,0.008970,648.947327,0.044800,10.306490,10.417150
KELT_N02_lc_055234_V01_east,N02,west,tfa,V01,27.20934,34.14240,10.334,2006-10-27 07:06:26.0,2008-11-24 09:34:38.0,2454035.796138,2454794.899059,10.348875,0.021881,10.350110,0.021916,598,0,0.000000,0.015030,1355.082239,0.069540,10.282750,10.430120
KELT_N02_lc_057139_V01_east,N02,east,tfa,V01,38.21925,34.54112,9.758,2006-10-26 04:44:09.0,2008-11-24 04:44:47.0,2454034.697330,2454794.697772,9.771137,0.004283,9.770680,0.004307,1782,8,0.004489,0.002450,153.186576,0.012300,9.759930,9.801750
KELT_N02_lc_057139_V01_east,N02,west,tfa,V01,38.21925,34.54112,9.630,2006-10-27 07:06:26.0,2008-11-24 09:34:38.0,2454035.796138,2454794.899059,9.639565,0.012562,9.638685,0.012593,598,0,0.000000,0.007610,1051.707992,0.040810,9.597230,9.680750
KELT_N02_lc_059279_V01_east,N02,east,tfa,V01,43.09583,42.02225,10.554,2006-10-26 04:44:09.0,2008-11-24 04:44:47.0,2454034.697330,2454794.697772,10.567572,0.011743,10.565570,0.011913,1754,9,0.005131,0.005720,365.542586,0.034730,10.525870,10.640930
KELT_N02_lc_059279_V01_east,N02,west,tfa,V01,43.09583,42.02225,10.583,2006-10-27 07:06:26.0,2008-11-24 09:34:38.0,2454035.796138,2454794.899059,10.576906,0.009832,10.576265,0.009853,600,4,0.006667,0.004430,156.305490,0.025590,10.522440,10.651670
KELT_N02_lc_055293_V01_east,N02,east,tfa,V01,18.31561,34.09748,10.976,2006-10-26 04:44:09.0,2008-11-24 04:44:47.0,2454034.697330,2454794.697772,10.995194,0.017130,10.991730,0.017476,1749,16,0.009148,0.006460,330.936592,0.044650,10.943500,11.109430
KELT_N02_lc_055293_V01_east,N02,west,tfa,V01,18.31561,34.09748,10.985,2006-10-27 07:06:26.0,2008-11-24 09:20:47.0,2454035.796138,2454794.889436,11.003285,0.013699,11.001000,0.013889,592,3,0.005068,0.006465,176.968171,0.041200,10.976020,11.085180
KELT_N02_lc_057243_V01_east,N02,west,tfa,V01,29.00254,43.06104,10.934,2006-10-27 07:06:26.0,2008-11-24 09:34:38.0,2454035.796138,2454794.899059,10.935544,0.006123,10.935860,0.006131,601,2,0.003328,0.002950,34.158639,0.017590,10.910100,10.989680
KELT_N02_lc_059579_V01_east,N02,east,tfa,V01,18.21759,32.07356,10.966,2006-10-26 04:44:09.0,2008-11-24 04:44:47.0,2454034.697330,2454794.697772,10.971816,0.014504,10.969560,0.014679,1743,15,0.008606,0.005480,216.681038,0.037310,10.903690,11.076560
KELT_N02_lc_059579_V01_east,N02,west,tfa,V01,18.21759,32.07356,10.945,2006-10-27 07:06:26.0,2008-11-24 09:20:47.0,2454035.796138,2454794.889436,10.964848,0.017189,10.962045,0.017417,592,4,0.006757,0.008470,289.711864,0.049370,10.930090,11.082330
KELT_N02_lc_065080_V01_east,N02,east,tfa,V01,30.30671,41.21231,10.674,2006-10-26 04:44:09.0,2008-11-24 04:44:47.0,2454034.697330,2454794.697772,10.690445,0.011413,10.688825,0.011527,1762,10,0.005675,0.005480,226.147303,0.032120,10.657650,10.776450
KELT_N02_lc_065080_V01_east,N02,west,tfa,V01,30.30671,41.21231,10.471,2006-10-27 07:06:26.0,2008-11-24 09:34:38.0,2454035.796138,2454794.899059,10.474056,0.011710,10.472770,0.011780,592,3,0.005068,0.006235,239.134209,0.035310,10.447090,10.542590
KELT_N02_lc_068998_V01_east,N02,east,tfa,V01,25.51296,35.24429,9.906,2006-10-26 04:44:09.0,2008-11-24 04:44:47.0,2454034.697330,2454794.697772,9.916465,0.004637,9.916030,0.004658,1783,5,0.002804,0.002570,140.582151,0.013930,9.896340,9.950140
KELT_N02_lc_068998_V01_east,N02,west,tfa,V01,25.51296,35.24429,9.679,2006-10-27 07:06:26.0,2008-11-24 09:34:38.0,2454035.796138,2454794.899059,9.695884,0.011734,9.694265,0.011846,594,2,0.003367,0.005965,830.887069,0.034820,9.642420,9.758040
KELT_N02_lc_069077_V01_east,N02,east,tfa,V01,41.74629,35.98437,9.873,2006-10-26 04:44:09.0,2008-11-24 04:44:47.0,2454034.697330,2454794.697772,9.885735,0.005752,9.884990,0.005800,1765,11,0.006232,0.002740,240.091004,0.016050,9.866910,9.928980
KELT_N02_lc_069077_V01_east,N02,west,tfa,V01,41.74629,35.98437,10.204,2006-10-27 07:06:26.0,2008-11-24 09:34:38.0,2454035.796138,2454794.899059,10.186490,0.022080,10.184970,0.022132,595,4,0.006723,0.008540,1219.045758,0.050340,10.065130,10.341050
KELT_N02_lc_069110_V01_east,N02,east,tfa,V01,39.33770,39.89537,10.774,2006-10-26 04:44:09.0,2008-11-24 04:44:47.0,2454034.697330,2454794.697772,10.794243,0.017480,10.790680,0.017839,1748,7,0.004005,0.007210,466.061258,0.053520,10.725100,10.886820
KELT_N02_lc_069110_V01_east,N02,west,tfa,V01,39.33770,39.89537,10.905,2006-10-27 07:06:26.0,2008-11-24 09:34:38.0,2454035.796138,2454794.899059,10.904448,0.004030,10.904240,0.004035,599,0,0.000000,0.002560,17.231201,0.013090,10.890850,10.922310
KELT_N02_lc_055435_V01_east,N02,west,tfa,V01,18.44318,27.13109,10.994,2006-10-27 07:06:26.0,2008-11-24 09:20:47.0,2454035.796138,2454794.889436,11.042568,0.028196,11.041615,0.028212,594,1,0.001684,0.015995,811.588666,0.083210,10.948190,11.184880
KELT_N02_lc_069298_V01_east,N02,east,tfa,V01,27.17162,32.68880,9.622,2006-10-26 04:44:09.0,2008-11-24 04:44:47.0,2454034.697330,2454794.697772,9.630880,0.003706,9.630520,0.003723,1789,3,0.001677,0.001970,156.273900,0.012010,9.608440,9.653720
KELT_N02_lc_069298_V01_east,N02,west,tfa,V01,27.17162,32.68880,9.413,2006-10-27 07:06:26.0,2008-11-24 09:34:38.0,2454035.796138,2454794.899059,9.417113,0.004450,9.417210,0.004451,597,0,0.000000,0.002660,282.262717,0.014410,9.399100,9.431610
KELT_N02_lc_069453_V01_east,N02,east,tfa,V01,23.95777,33.83437,10.245,2006-10-26 04:44:09.0,2008-11-24 04:44:47.0,2454034.697330,2454794.697772,10.253165,0.006948,10.252600,0.006971,1777,2,0.001125,0.003720,184.415899,0.020640,10.211860,10.289730
KELT_N02_lc_069453_V01_east,N02,west,tfa,V01,23.95777,33.83437,10.267,2006-10-27 07:06:26.0,2008-11-24 09:34:38.0,2454035.796138,2454794.899059,10.277427,0.011052,10.276775,0.011071,596,2,0.003356,0.005605,417.930178,0.033000,10.249610,10.354920
KELT_N02_lc_055562_V01_east,N02,east,tfa,V01,36.01181,42.10189,10.513,2006-10-26 04:44:09.0,2008-11-24 04:44:47.0,2454034.697330,2454794.697772,10.530882,0.010875,10.529195,0.011005,1758,7,0.003982,0.005250,242.406343,0.032380,10.502830,10.601610
KELT_N02_lc_055562_V01_east,N02,west,tfa,V01,36.01181,42.10189,10.288,2006-10-27 07:06:26.0,2008-11-24 09:34:38.0,2454035.796138,2454794.899059,10.281355,0.014301,10.279480,0.014423,595,5,0.008403,0.006430,516.273629,0.035200,10.250480,10.375530
KELT_N02_lc_059867_V01_east,N02,east,tfa,V01,43.56125,42.59019,10.993,2006-10-26 04:44:09.0,2008-11-24 04:44:47.0,2454034.697330,2454794.697772,11.006843,0.013523,11.004775,0.013680,1752,5,0.002854,0.006810,255.394136,0.040960,10.960830,11.091320
KELT_N02_lc_059867_V01_east,N02,west,tfa,V01,43.56125,42.59019,10.948,2006-10-27 07:06:26.0,2008-11-24 09:34:38.0,2454035.796138,2454794.899059,10.948541,0.003138,10.948440,0.003139,599,0,0.000000,0.001960,9.569118,0.010680,10.938850,10.958460
KELT_N02_lc_059997_V01_east,N02,east,tfa,V01,21.12506,23.94234,10.764,2006-10-26 04:44:09.0,2008-11-24 04:44:47.0,2454034.697330,2454794.697772,10.722723,0.047740,10.715720,0.048251,1768,0,0.000000,0.026960,2525.254689,0.152000,10.511980,10.937670
KELT_N02_lc_059997_V01_east,N02,west,tfa,V01,21.12506,23.94234,10.524,2006-10-27 07:06:26.0,2008-11-24 09:34:38.0,2454035.796138,2454794.899059,10.542892,0.028104,10.542400,0.028108,596,0,0.000000,0.021655,1397.949992,0.091420,10.474120,10.616020
KELT_N02_lc_050850_V01_east,N02,east,tfa,V01,36.36765,32.40576,10.646,2006-10-26 04:44:09.0,2008-11-24 04:44:47.0,2454034.697330,2454794.697772,10.660117,0.008873,10.659350,0.008906,1765,6,0.003399,0.004450,188.926091,0.024740,10.602380,10.728620
KELT_N02_lc_050850_V01_east,N02,west,tfa,V01,36.36765,32.40576,10.758,2006-10-27 07:06:26.0,2008-11-24 09:34:38.0,2454035.796138,2454794.899059,10.765172,0.011046,10.764100,0.011098,599,0,0.000000,0.006100,195.116989,0.035570,10.732270,10.813930
KELT_N02_lc_062685_V01_east,N02,east,tfa,V01,25.01741,40.68417,10.562,2006-10-26 04:44:09.0,2008-11-24 04:44:47.0,2454034.697330,2454794.697772,10.572286,0.011150,10.570780,0.011252,1762,6,0.003405,0.005400,261.117553,0.032880,10.534600,10.636000
KELT_N02_lc_062685_V01_east,N02,west,tfa,V01,25.01741,40.68417,10.494,2006-10-27 07:06:26.0,2008-11-24 09:34:38.0,2454035.796138,2454794.899059,10.498208,0.015581,10.495880,0.015754,593,4,0.006745,0.006050,432.961851,0.040820,10.473200,10.632580
KELT_N02_lc_070516_V01_east,N02,east,tfa,V01,16.15127,39.99095,10.902,2006-10-26 04:44:09.0,2008-11-24 04:44:47.0,2454034.697330,2454794.697772,10.916026,0.018788,10.912805,0.019062,1758,14,0.007964,0.006955,477.110280,0.050960,10.876500,11.045830
KELT_N02_lc_070516_V01_east,N02,west,tfa,V01,16.15127,39.99095,10.909,2006-10-27 07:06:26.0,2008-11-24 09:34:38.0,2454035.796138,2454794.899059,10.912425,0.007678,10.911595,0.007723,598,3,0.005017,0.004090,57.615248,0.021530,10.875920,10.974750
KELT_N02_lc_070674_V01_east,N02,west,tfa,V01,28.09250,37.42966,10.981,2006-10-27 07:06:26.0,2008-11-24 09:34:38.0,2454035.796138,2454794.899059,10.992236,0.011257,10.990910,0.011335,594,1,0.001684,0.006480,121.377235,0.037360,10.964290,11.056780
KELT_N02_lc_048285_V01_east,N02,west,tfa,V01,20.07337,43.51046,10.919,2006-10-27 07:06:26.0,2008-11-24 09:20:47.0,2454035.796138,2454794.889436,10.918628,0.006107,10.918550,0.006108,529,2,0.003781,0.003510,2014.976133,0.017960,10.901520,10.960770
KELT_N02_lc_060222_V01_east,N02,east,tfa,V01,21.53492,34.57909,10.247,2006-10-26 04:44:09.0,2008-11-24 04:44:47.0,2454034.697330,2454794.697772,10.261817,0.010348,10.260190,0.010476,1769,14,0.007914,0.004470,397.009011,0.026720,10.234460,10.337200
KELT_N02_lc_060222_V01_east,N02,west,tfa,V01,21.53492,34.57909,10.340,2006-10-27 07:06:26.0,2008-11-24 09:34:38.0,2454035.796138,2454794.899059,10.360834,0.014574,10.359190,0.014667,593,0,0.000000,0.006900,448.986895,0.044930,10.329340,10.429640
KELT_N02_lc_070772_V01_east,N02,east,tfa,V01,29.42658,37.66723,10.680,2006-10-26 04:44:09.0,2008-11-24 04:44:47.0,2454034.697330,2454794.697772,10.695159,0.007939,10.694050,0.008017,1757,7,0.003984,0.003670,145.920920,0.023340,10.672900,10.742500
KELT_N02_lc_070772_V01_east,N02,west,tfa,V01,29.42658,37.66723,10.603,2006-10-27 07:06:26.0,2008-11-24 09:34:38.0,2454035.796138,2454794.899059,10.613422,0.013573,10.611495,0.013709,590,5,0.008475,0.006795,321.765239,0.037380,10.585990,10.696390
KELT_N02_lc_070813_V01_east,N02,east,tfa,V01,23.19614,35.84226,10.292,2006-10-26 04:44:09.0,2008-11-24 04:44:47.0,2454034.697330,2454794.697772,10.304489,0.007925,10.303550,0.007981,1764,3,0.001701,0.004060,229.770474,0.023890,10.269600,10.358450
KELT_N02_lc_070813_V01_east,N02,west,tfa,V01,23.19614,35.84226,10.357,2006-10-27 07:06:26.0,2008-11-24 09:34:38.0,2454035.796138,2454794.899059,10.376413,0.014813,10.374390,0.014951,591,4,0.006768,0.007300,474.257528,0.044940,10.342730,10.465970
KELT_N02_lc_070837_V01_east,N02,west,tfa,V01,34.46851,40.55021,10.918,2006-10-27 07:06:26.0,2008-11-24 09:34:38.0,2454035.796138,2454794.899059,10.917683,0.008557,10.916840,0.008599,597,6,0.010050,0.003490,93.790377,0.020700,10.869940,10.975590
KELT_N02_lc_049662_V01_east,N02,east,tfa,V01,21.94488,40.33540,10.861,2006-10-26 04:44:09.0,2008-11-24 04:44:47.0,2454034.697330,2454794.697772,10.877575,0.015582,10.875110,0.015776,1746,11,0.006300,0.007090,320.409962,0.044540,10.847710,10.986660
KELT_N02_lc_049662_V01_east,N02,west,tfa,V01,21.94488,40.33540,10.894,2006-10-27 07:06:26.0,2008-11-24 09:34:38.0,2454035.796138,2454794.899059,10.902095,0.009514,10.900555,0.009638,602,3,0.004983,0.004465,110.786324,0.024380,10.873960,10.964770
KELT_N02_lc_054315_V01_east,N02,east,tfa,V01,35.01309,32.31659,10.650,2006-10-26 04:44:09.0,2008-11-24 04:44:47.0,2454034.697330,2454794.697772,10.662864,0.008366,10.662180,0.008394,1767,9,0.005093,0.004260,171.972221,0.023970,10.613930,10.713990
KELT_N02_lc_054315_V01_east,N02,west,tfa,V01,35.01309,32.31659,10.772,2006-10-27 07:06:26.0,2008-11-24 09:34:38.0,2454035.796138,2454794.899059,10.781328,0.011369,10.780180,0.011427,598,0,0.000000,0.006755,197.588219,0.036970,10.757810,10.831740
KELT_N02_lc_062957_V01_east,N02,east,tfa,V01,19.31879,39.48022,10.895,2006-10-26 04:44:09.0,2008-11-24 04:44:47.0,2454034.697330,2454794.697772,10.903902,0.017071,10.901250,0.017276,1756,11,0.006264,0.007615,398.830471,0.050450,10.856440,11.016670
KELT_N02_lc_062957_V01_east,N02,west,tfa,V01,19.31879,39.48022,10.997,2006-10-27 07:06:26.0,2008-11-24 09:34:38.0,2454035.796138,2454794.899059,10.995076,0.007013,10.995295,0.007017,598,3,0.005017,0.003650,39.196352,0.019650,10.938250,11.018530
KELT_N02_lc_058234_V01_east,N02,east,tfa,V01,25.66970,38.51593,10.936,2006-10-26 04:44:09.0,2008-11-24 04:44:47.0,2454034.697330,2454794.697772,10.947265,0.011512,10.945965,0.011585,1762,8,0.004540,0.005740,200.025648,0.032010,10.899870,11.019690
KELT_N02_lc_058234_V01_east,N02,west,tfa,V01,25.66970,38.51593,10.959,2006-10-27 07:06:26.0,2008-11-24 09:34:38.0,2454035.796138,2454794.899059,10.958031,0.011161,10.957480,0.011175,595,1,0.001681,0.006560,117.419844,0.034460,10.930580,11.019390
KELT_N02_lc_060509_V01_east,N02,east,tfa,V01,21.92586,31.96492,10.615,2006-10-26 04:44:09.0,2008-11-24 04:44:47.0,2454034.697330,2454794.697772,10.622199,0.013683,10.620435,0.013797,1778,13,0.007312,0.006185,387.620349,0.035460,10.568230,10.748290
KELT_N02_lc_060509_V01_east,N02,west,tfa,V01,21.92586,31.96492,10.565,2006-10-27 07:06:26.0,2008-11-24 09:34:38.0,2454035.796138,2454794.899059,10.583091,0.013555,10.581640,0.013633,595,3,0.005042,0.007400,437.684312,0.039690,10.548460,10.680390
KELT_N02_lc_063157_V01_east,N02,east,tfa,V01,39.69279,33.41750,10.504,2006-10-26 04:44:09.0,2008-11-24 04:44:47.0,2454034.697330,2454794.697772,10.515169,0.009220,10.514265,0.009264,1756,10,0.005695,0.004645,288.039708,0.027160,10.484660,10.574660
KELT_N02_lc_063157_V01_east,N02,west,tfa,V01,39.69279,33.41750,10.675,2006-10-27 07:06:26.0,2008-11-24 09:34:38.0,2454035.796138,2454794.899059,10.675193,0.012758,10.673750,0.012839,598,2,0.003344,0.007345,293.806261,0.038660,10.641460,10.740290
KELT_N02_lc_071658_V01_east,N02,east,tfa,V01,39.57667,37.72521,10.182,2006-10-26 04:44:09.0,2008-11-24 04:44:47.0,2454034.697330,2454794.697772,10.198822,0.009454,10.197230,0.009588,1771,13,0.007340,0.003940,389.310967,0.024680,10.174070,10.286860
KELT_N02_lc_071658_V01_east,N02,west,tfa,V01,39.57667,37.72521,10.228,2006-10-27 07:06:26.0,2008-11-24 09:34:38.0,2454035.796138,2454794.899059,10.234996,0.015506,10.233025,0.015631,592,4,0.006757,0.006725,673.675851,0.040360,10.185180,10.339220
KELT_N02_lc_071884_V01_east,N02,west,tfa,V01,27.78809,38.02208,10.420,2006-10-27 07:06:26.0,2008-11-24 09:34:38.0,2454035.796138,2454794.899059,10.438161,0.023448,10.440035,0.023523,596,0,0.000000,0.016300,1103.773362,0.076120,10.374870,10.538170
KELT_N02_lc_071902_V01_east,N02,east,tfa,V01,38.39148,31.40693,10.849,2006-10-26 04:44:09.0,2008-11-24 04:44:47.0,2454034.697330,2454794.697772,10.865736,0.012201,10.864260,0.012290,1752,8,0.004566,0.005650,269.245018,0.034200,10.818830,10.949130
KELT_N02_lc_071902_V01_east,N02,west,tfa,V01,38.39148,31.40693,10.900,2006-10-27 07:06:26.0,2008-11-24 09:34:38.0,2454035.796138,2454794.899059,10.903597,0.011649,10.901815,0.011785,598,0,0.000000,0.006170,179.406492,0.034680,10.877250,10.957990
KELT_N02_lc_071917_V01_east,N02,east,tfa,V01,23.02850,34.79754,10.341,2006-10-26 04:44:09.0,2008-11-24 04:44:47.0,2454034.697330,2454794.697772,10.359369,0.010649,10.357760,0.010770,1768,15,0.008484,0.004270,390.501443,0.027330,10.327620,10.437190
KELT_N02_lc_072082_V01_east,N02,west,tfa,V01,34.64982,40.27848,10.977,2006-10-27 07:06:26.0,2008-11-24 09:34:38.0,2454035.796138,2454794.899059,10.976200,0.005699,10.975530,0.005739,599,2,0.003339,0.002780,37.118587,0.015190,10.952610,11.017400
KELT_N02_lc_051241_V01_east,N02,east,tfa,V01,37.57069,33.83217,9.927,2006-10-26 04:44:09.0,2008-11-24 04:44:47.0,2454034.697330,2454794.697772,9.936798,0.003946,9.936400,0.003966,1773,4,0.002256,0.002120,127.520287,0.012260,9.917800,9.959740
KELT_N02_lc_051241_V01_east,N02,west,tfa,V01,37.57069,33.83217,10.116,2006-10-27 07:06:26.0,2008-11-24 09:34:38.0,2454035.796138,2454794.899059,10.122955,0.009871,10.122285,0.009893,598,3,0.005017,0.005095,380.843809,0.028730,10.093330,10.195930
KELT_N02_lc_060639_V01_east,N02,east,tfa,V01,28.72414,40.70252,9.946,2006-10-26 04:44:09.0,2008-11-24 04:44:47.0,2454034.697330,2454794.697772,9.956519,0.005334,9.956060,0.005354,1771,6,0.003388,0.002700,159.196438,0.015460,9.938240,9.999710
KELT_N02_lc_060639_V01_east,N02,west,tfa,V01,28.72414,40.70252,9.998,2006-10-27 07:06:26.0,2008-11-24 09:34:38.0,2454035.796138,2454794.899059,10.017070,0.018045,10.014340,0.018251,590,6,0.010169,0.008245,922.174300,0.051220,9.974530,10.121710
KELT_N02_lc_066747_V01_east,N02,east,tfa,V01,19.34773,31.74348,10.174,2006-10-26 04:44:09.0,2008-11-24 04:44:47.0,2454034.697330,2454794.697772,10.185580,0.011177,10.184310,0.011249,1765,9,0.005099,0.004920,354.416182,0.031270,10.128060,10.260150
KELT_N02_lc_066747_V01_east,N02,west,tfa,V01,19.34773,31.74348,10.147,2006-10-27 07:06:26.0,2008-11-24 09:20:47.0,2454035.796138,2454794.889436,10.163224,0.012581,10.161890,0.012651,593,1,0.001686,0.005850,460.348901,0.036330,10.138210,10.225490
KELT_N02_lc_066849_V01_east,N02,east,tfa,V01,33.98465,33.35166,9.295,2006-10-26 04:44:09.0,2008-11-24 04:44:47.0,2454034.697330,2454794.697772,9.302988,0.002372,9.302810,0.002379,1787,4,0.002238,0.001370,135.114522,0.007330,9.284890,9.319440
KELT_N02_lc_066849_V01_east,N02,west,tfa,V01,33.98465,33.35166,9.738,2006-10-27 07:06:26.0,2008-11-24 09:34:38.0,2454035.796138,2454794.899059,9.749034,0.006355,9.748430,0.006384,600,2,0.003333,0.003470,321.464803,0.019700,9.731970,9.796640
KELT_N02_lc_072290_V01_east,N02,east,tfa,V01,40.38515,34.51735,10.979,2006-10-26 04:44:09.0,2008-11-24 04:44:47.0,2454034.697330,2454794.697772,10.986462,0.021076,10.984200,0.021197,1765,0,0.000000,0.011960,448.575385,0.066500,10.901770,11.083620
KELT_N02_lc_072290_V01_east,N02,west,tfa,V01,40.38515,34.51735,10.490,2006-10-27 07:06:26.0,2008-11-24 09:34:38.0,2454035.796138,2454794.899059,10.484698,0.039952,10.483915,0.039960,596,0,0.000000,0.026755,2600.907912,0.129500,10.355420,10.621180
KELT_N02_lc_072390_V01_east,N02,east,tfa,V01,43.05263,37.09540,10.084,2006-10-26 04:44:09.0,2008-11-24 04:44:47.0,2454034.697330,2454794.697772,10.097171,0.007464,10.096315,0.007513,1754,8,0.004561,0.003915,311.678324,0.021610,10.063740,10.154660
KELT_N02_lc_072390_V01_east,N02,west,tfa,V01,43.05263,37.09540,10.555,2006-10-27 07:06:26.0,2008-11-24 09:34:38.0,2454035.796138,2454794.899059,10.536958,0.016487,10.535550,0.016547,595,4,0.006723,0.006250,462.388207,0.038430,10.412500,10.630110
KELT_N02_lc_056475_V01_east,N02,east,tfa,V01,32.41817,32.31479,10.974,2006-10-26 04:44:09.0,2008-11-24 04:44:47.0,2454034.697330,2454794.697772,10.985796,0.011056,10.984300,0.011156,1757,4,0.002277,0.005620,181.329573,0.033240,10.945690,11.058220
KELT_N02_lc_060751_V01_east,N02,east,tfa,V01,22.30105,36.62795,10.856,2006-10-26 04:44:09.0,2008-11-24 04:44:47.0,2454034.697330,2454794.697772,10.871484,0.013729,10.869325,0.013898,1754,14,0.007982,0.005565,288.366996,0.037460,10.821600,10.974930
KELT_N02_lc_060751_V01_east,N02,west,tfa,V01,22.30105,36.62795,10.907,2006-10-27 07:06:26.0,2008-11-24 09:34:38.0,2454035.796138,2454794.899059,10.917045,0.013989,10.915890,0.014036,594,1,0.001684,0.007760,178.657497,0.044200,10.880420,10.991570
KELT_N02_lc_063522_V01_east,N02,east,tfa,V01,38.53524,38.73426,10.473,2006-10-26 04:44:09.0,2008-11-24 04:44:47.0,2454034.697330,2454794.697772,10.488896,0.010127,10.487495,0.010223,1762,9,0.005108,0.004890,325.636598,0.029440,10.456040,10.550100
KELT_N02_lc_063522_V01_east,N02,west,tfa,V01,38.53524,38.73426,10.443,2006-10-27 07:06:26.0,2008-11-24 09:34:38.0,2454035.796138,2454794.899059,10.439363,0.013943,10.437900,0.014020,595,4,0.006723,0.006400,435.469576,0.036590,10.402910,10.527290
KELT_N02_lc_072708_V01_east,N02,west,tfa,V01,17.88186,30.08364,10.668,2006-10-27 07:06:26.0,2008-11-24 09:20:47.0,2454035.796138,2454794.889436,10.739654,0.030810,10.740570,0.030823,592,1,0.001689,0.018285,1138.360628,0.096910,10.571250,10.856860
KELT_N02_lc_072719_V01_east,N02,east,tfa,V01,28.96222,23.58602,10.097,2006-10-26 04:44:09.0,2008-11-24 04:44:47.0,2454034.697330,2454794.697772,10.133004,0.030871,10.127610,0.031339,1738,12,0.006904,0.010760,2452.273133,0.085640,10.061200,10.395110
KELT_N02_lc_072719_V01_east,N02,west,tfa,V01,28.96222,23.58602,9.586,2006-10-27 07:06:26.0,2008-11-24 09:34:38.0,2454035.796138,2454794.899059,9.595307,0.004545,9.595375,0.004545,600,0,0.000000,0.002825,139.182222,0.013790,9.574740,9.609360
KELT_N02_lc_054678_V01_east,N02,east,tfa,V01,26.64504,19.07924,10.878,2006-10-26 05:18:38.0,2008-11-24 04:44:47.0,2454034.721280,2454794.697772,10.787437,0.051613,10.783510,0.051762,1650,0,0.000000,0.030555,1318786.572320,0.175530,10.629790,11.017890
KELT_N02_lc_063742_V01_east,N02,east,tfa,V01,20.73131,31.83992,10.664,2006-10-26 04:44:09.0,2008-11-24 04:44:47.0,2454034.697330,2454794.697772,10.658418,0.029986,10.658680,0.029987,1770,0,0.000000,0.018875,1216.559778,0.096690,10.553570,10.774120
KELT_N02_lc_063742_V01_east,N02,west,tfa,V01,20.73131,31.83992,10.721,2006-10-27 07:06:26.0,2008-11-24 09:20:47.0,2454035.796138,2454794.889436,10.734649,0.029385,10.737205,0.029496,596,0,0.000000,0.016180,1013.231052,0.096710,10.633290,10.839760
KELT_N02_lc_067392_V01_east,N02,east,tfa,V01,23.73976,33.11784,10.509,2006-10-26 04:44:09.0,2008-11-24 04:44:47.0,2454034.697330,2454794.697772,10.518755,0.010158,10.517165,0.010282,1766,11,0.006229,0.004465,273.482569,0.027210,10.480670,10.602480
KELT_N02_lc_067392_V01_east,N02,west,tfa,V01,23.73976,33.11784,10.550,2006-10-27 07:06:26.0,2008-11-24 09:34:38.0,2454035.796138,2454794.899059,10.561918,0.011650,10.560555,0.011729,596,3,0.005034,0.006560,343.185242,0.034310,10.533010,10.626360
KELT_N02_lc_073355_V01_east,N02,east,tfa,V01,17.00289,20.73360,10.727,2006-10-26 04:44:09.0,2008-11-24 04:44:47.0,2454034.697330,2454794.697772,10.741688,0.015090,10.740270,0.015157,1332,4,0.003003,0.007205,185749.628248,0.047270,10.655760,10.837480
KELT_N02_lc_073355_V01_east,N02,west,tfa,V01,17.00289,20.73360,10.891,2006-10-27 07:06:26.0,2008-11-24 09:34:38.0,2454035.796138,2454794.899059,10.878375,0.033032,10.878870,0.033036,541,0,0.000000,0.021580,138762.062150,0.105280,10.789600,11.027050
KELT_N02_lc_073428_V01_east,N02,east,tfa,V01,17.79285,37.71998,10.536,2006-10-26 04:44:09.0,2008-11-24 04:44:47.0,2454034.697330,2454794.697772,10.544288,0.012328,10.543160,0.012380,1765,2,0.001133,0.006380,252.039551,0.036500,10.482160,10.620070
KELT_N02_lc_073428_V01_east,N02,west,tfa,V01,17.79285,37.71998,10.220,2006-10-27 07:06:26.0,2008-11-24 09:20:47.0,2454035.796138,2454794.889436,10.225732,0.021806,10.223055,0.021970,590,2,0.003390,0.010990,1052.627342,0.063430,10.147580,10.356430
KELT_N02_lc_073589_V01_east,N02,west,tfa,V01,37.67339,40.17248,10.453,2006-10-27 07:06:26.0,2008-11-24 09:34:38.0,2454035.796138,2454794.899059,10.449369,0.013361,10.446970,0.013575,600,6,0.010000,0.004795,394.524189,0.033690,10.418400,10.549710
KELT_N02_lc_063785_V01_east,N02,east,tfa,V01,42.60905,31.97211,10.631,2006-10-26 04:44:09.0,2008-11-24 04:44:47.0,2454034.697330,2454794.697772,10.647908,0.014220,10.645530,0.014418,1749,9,0.005146,0.006250,376.221048,0.041960,10.608510,10.756060
KELT_N02_lc_063785_V01_east,N02,west,tfa,V01,42.60905,31.97211,10.836,2006-10-27 07:06:26.0,2008-11-24 09:34:38.0,2454035.796138,2454794.899059,10.826260,0.013328,10.825000,0.013388,594,2,0.003367,0.007030,217.727416,0.039660,10.755110,10.896370
KELT_N02_lc_047638_V01_east,N02,east,tfa,V01,42.50344,30.52550,10.801,2006-10-26 04:44:09.0,2008-11-24 04:44:47.0,2454034.697330,2454794.697772,10.823531,0.020529,10.819060,0.021011,1750,15,0.008571,0.008175,556.436367,0.058620,10.787350,10.957460
KELT_N02_lc_047638_V01_east,N02,west,tfa,V01,42.50344,30.52550,10.785,2006-10-27 07:06:26.0,2008-11-24 09:34:38.0,2454035.796138,2454794.899059,10.783006,0.015333,10.782010,0.015365,588,2,0.003401,0.006465,273.528540,0.039090,10.710270,10.874140
KELT_N02_lc_058913_V01_east,N02,west,tfa,V01,25.53107,39.41303,10.881,2006-10-27 07:06:26.0,2008-11-24 09:34:38.0,2454035.796138,2454794.899059,10.887664,0.019933,10.885600,0.020040,595,1,0.001681,0.011120,452.560956,0.060390,10.813450,10.989540
KELT_N02_lc_058927_V01_east,N02,east,tfa,V01,35.70995,41.39441,10.185,2006-10-26 04:44:09.0,2008-11-24 04:44:47.0,2454034.697330,2454794.697772,10.201746,0.008446,10.200840,0.008494,1766,9,0.005096,0.004170,231.882739,0.023720,10.158470,10.268220
KELT_N02_lc_058927_V01_east,N02,west,tfa,V01,35.70995,41.39441,9.921,2006-10-27 07:06:26.0,2008-11-24 09:34:38.0,2454035.796138,2454794.899059,9.922692,0.015455,9.920650,0.015590,594,3,0.005051,0.006900,899.135035,0.040050,9.886240,10.049120
KELT_N02_lc_055022_V01_east,N02,east,tfa,V01,35.97265,33.85622,10.840,2006-10-26 04:44:09.0,2008-11-24 04:44:47.0,2454034.697330,2454794.697772,10.856072,0.010925,10.855180,0.010961,1765,6,0.003399,0.005800,236.190821,0.030680,10.806130,10.949610
KELT_N02_lc_055022_V01_east,N02,west,tfa,V01,35.97265,33.85622,10.906,2006-10-27 07:06:26.0,2008-11-24 09:34:38.0,2454035.796138,2454794.899059,10.914025,0.013700,10.912730,0.013762,599,2,0.003339,0.007150,253.182125,0.040150,10.875300,10.998110
KELT_N02_lc_055107_V01_east,N02,east,tfa,V01,36.29414,33.86605,9.740,2006-10-26 04:44:09.0,2008-11-24 04:44:47.0,2454034.697330,2454794.697772,9.748242,0.004675,9.747880,0.004689,1773,0,0.000000,0.002940,245.989217,0.014940,9.734300,9.770920
KELT_N02_lc_055107_V01_east,N02,west,tfa,V01,36.29414,33.86605,10.036,2006-10-27 07:06:26.0,2008-11-24 09:34:38.0,2454035.796138,2454794.899059,10.045037,0.010295,10.045050,0.010295,598,0,0.000000,0.006845,482.174211,0.032460,10.014400,10.095110
KELT_N02_lc_059107_V01_east,N02,east,tfa,V01,30.06250,44.41985,10.942,2006-10-26 04:44:09.0,2008-11-24 04:44:47.0,2454034.697330,2454794.697772,10.947513,0.012357,10.945880,0.012464,1755,5,0.002849,0.006110,179.917654,0.038560,10.904690,11.027870
KELT_N02_lc_059107_V01_east,N02,west,tfa,V01,30.06250,44.41985,10.706,2006-12-24 03:27:19.0,2008-11-24 09:34:38.0,2454093.643970,2454794.899059,10.706898,0.010567,10.705920,0.010612,504,3,0.005952,0.004955,149.213616,0.031090,10.683800,10.791290
KELT_N02_lc_064552_V01_east,N02,east,tfa,V01,23.47327,35.60919,9.952,2006-10-26 04:44:09.0,2008-11-24 04:44:47.0,2454034.697330,2454794.697772,9.963977,0.007206,9.963260,0.007242,1778,5,0.002812,0.003710,321.497037,0.021430,9.940230,10.007590
KELT_N02_lc_064552_V01_east,N02,west,tfa,V01,23.47327,35.60919,10.180,2006-10-27 07:06:26.0,2008-11-24 09:34:38.0,2454035.796138,2454794.899059,10.198723,0.014356,10.197630,0.014398,591,2,0.003384,0.007780,515.914564,0.045400,10.164890,10.270920
KELT_N02_lc_064556_V01_east,N02,east,tfa,V01,27.16238,37.95218,9.815,2006-10-26 04:44:09.0,2008-11-24 04:44:47.0,2454034.697330,2454794.697772,9.823391,0.004528,9.822710,0.004579,1777,5,0.002814,0.002260,196.492270,0.012980,9.811620,9.868700
KELT_N02_lc_064556_V01_east,N02,west,tfa,V01,27.16238,37.95218,9.724,2006-10-27 07:06:26.0,2008-11-24 09:34:38.0,2454035.796138,2454794.899059,9.735607,0.013180,9.734355,0.013239,592,2,0.003378,0.006780,868.301282,0.038300,9.678790,9.803640
KELT_N02_lc_068585_V01_east,N02,east,tfa,V01,42.72421,35.39485,9.784,2006-10-26 04:44:09.0,2008-11-24 04:44:47.0,2454034.697330,2454794.697772,9.795285,0.005637,9.794660,0.005672,1770,11,0.006215,0.002570,249.045138,0.014160,9.779940,9.862580
KELT_N02_lc_068585_V01_east,N02,west,tfa,V01,42.72421,35.39485,10.248,2006-10-27 07:06:26.0,2008-11-24 09:34:38.0,2454035.796138,2454794.899059,10.231978,0.018265,10.229445,0.018440,590,3,0.005085,0.008090,804.053095,0.050710,10.156620,10.357780
