star_name,hip_name,hd_name,gj_name,tm_name,st_exocatflag,st_coronagflag,st_starshadeflag,st_wfirstflag,st_lbtiflag,st_rvflag,st_ppnum,rastr,decstr,st_dist,st_disterr1,st_disterr2,st_vmag,st_vmagerr,st_vmagsrc,st_bmv,st_bmverr,st_bmvsrc,st_spttype,st_lbol,st_lbolerr,st_lbolsrc
HIP 3419,HIP 3419,HD 4128,GJ 31,2MASS J00433536-1759117,1,1,0,0,0,0,0,00h43m35.23s,-17d59m12.1s,29.53,,,2.020,0.020,VT-G,1.040,0.020,BVT-G-Red,K0III,151.950,0.060,V-K
HIP 3765,HIP 3765,HD 4628,GJ 33,2MASS J00482303+0516497,1,1,1,1,1,1,0,00h48m22.53s,+05d17m00.2s,7.45,,,5.740,0.010,G,0.890,0.010,G,K1V,0.300,0.050,V-K
HIP 3821 A,HIP 3821 A,HD 4614,GJ 34 A,2MASS J00490622+5748545,1,1,1,1,0,1,0,00h49m05.10s,+57d48m59.6s,5.94,0.06,-0.06,3.450,0.020,VT,0.570,0.020,BVT-Red,G3V,1.310,0.060,V-K
HIP 3909,HIP 3909,HD 4813,GJ 37,2MASS J00500759-1038394,1,0,1,0,0,0,0,00h50m07.72s,-10d38m37.6s,15.75,0.16,-0.16,5.160,0.020,VT,0.510,0.010,G,F7V,1.850,0.100,B-V
HIP 4151,HIP 4151,HD 5015,GJ 41,2MASS J00530419+6107262,1,1,0,0,0,0,0,00h53m04.28s,+61d07m24.8s,18.74,0.19,-0.19,4.800,0.010,G,0.540,0.010,G,F8V,3.660,0.050,V-K
HIP 5336,HIP 5336,HD 6582,GJ 53 A,2MASS J01081597+5455148 A,1,1,1,0,0,0,0,01h08m12.92s,+54d55m27.2s,7.55,0.08,-0.07,5.170,0.000,G,0.700,0.000,G,G5Vp,0.460,0.100,B-V
HIP 5862,HIP 5862,HD 7570,GJ 55,2MASS J01151112-4531540,1,1,1,0,0,0,0,01h15m10.57s,-45d31m55.5s,15.11,,,4.960,0.020,VT,0.570,0.010,G,G0V,2.070,0.060,V-K
ups And,HIP 7513,HD 9826,GJ 61 A,2MASS J01364784+4124200,1,1,1,0,1,1,3,01h36m47.98s,+41d24m23.0s,13.49,,,4.090,0.020,VT,0.540,0.010,G,F8V,3.640,0.060,V-K
HIP 7751 B,HIP 7751 B,HD 10360,GJ 66 B,2MASS J01394755-5611471,1,0,1,0,0,0,0,01h39m47.24s,-56d11m47.2s,7.82,0.16,-0.15,5.680,0.020,VT,0.860,0.020,BVT-G-Red,K0/4,0.340,0.110,B-V
HIP 7918,HIP 7918,HD 10307,GJ 67,2MASS J01414714+4236483,1,1,1,1,0,0,0,01h41m46.52s,+42d36m49.7s,12.74,0.13,-0.13,4.960,0.000,G,0.620,0.000,G,G2V,1.490,0.050,V-K
HD 10647,HIP 7978,HD 10647,GJ 3109,2MASS J01422932-5344271,1,0,1,0,0,1,1,01h42m29.15s,-53d44m26.1s,17.43,,,5.520,0.020,VT,0.530,0.020,BVT-Red,F8V,1.640,0.100,B-V
HIP 7981,HIP 7981,HD 10476,GJ 68,2MASS J01422977+2016073,1,1,1,1,1,1,0,01h42m29.95s,+20d16m12.5s,7.53,,,5.240,0.010,G,0.840,0.010,G,K1V,0.470,0.050,V-K
HIP 171,HIP 171,HD 224930,GJ 914 A,2MASS J00021014+2704570 A,1,0,1,0,0,0,0,00h02m09.65s,+27d05m04.2s,12.17,0.38,-0.35,5.800,0.010,G,0.690,0.020,G,G3V,0.700,0.090,V-K
HD 142,HIP 522,HD 142,GJ 4.2 A,2MASS J00061921-4904307 A,1,1,0,0,0,1,2,00h06m18.66s,-49d04m30.3s,25.71,0.26,-0.25,5.700,0.020,VT,0.520,0.010,G,F7V,3.000,0.110,B-V
HIP 544,HIP 544,HD 166,GJ 5,2MASS J00063674+2901175,1,0,1,0,0,1,0,00h06m36.53s,+29d01m19.0s,13.67,0.14,-0.14,6.060,0.020,VT,0.750,0.000,G,K0V,0.680,0.110,B-V
HIP 677,HIP 677,HD 358,,2MASS J00082326+2905253,1,1,0,0,0,0,0,00h08m23.17s,+29d05m27.0s,29.74,0.30,-0.29,2.060,0.010,VT,-0.050,0.010,BVT-Blue,B9p,251.040,0.060,V-K
HIP 746,HIP 746,HD 432,GJ 8,2MASS J00091071+5908591,1,1,0,0,0,0,0,00h09m10.09s,+59d09m00.8s,16.78,0.17,-0.17,2.260,0.020,VT,0.360,0.020,BVT-Blue,F2III-IV,29.090,0.060,V-K
HIP 910,HIP 910,HD 693,GJ 10,2MASS J00111587-1528043,1,1,0,0,1,0,0,00h11m15.91s,-15d28m02.4s,18.75,0.19,-0.19,4.890,0.010,G,0.490,0.010,G,F5V,3.380,0.060,V-K
HIP 1599,HIP 1599,HD 1581,GJ 17,2MASS J00200446-6452282,1,1,1,0,0,0,0,00h20m01.91s,-64d52m39.4s,8.59,,,4.230,0.010,G,0.580,0.010,G,G0V,1.330,0.050,V-K
HIP 2021,HIP 2021,HD 2151,GJ 19,2MASS J00254416-7715157,1,1,1,0,0,0,0,00h25m39.20s,-77d15m18.1s,7.46,,,2.820,0.010,G,0.620,0.010,G,G1IV,3.700,0.050,V-K
HIP 2072,HIP 2072,HD 2262,GJ 20,2MASS J00261219-4340475,1,1,0,0,0,0,0,00h26m12.12s,-43d40m47.7s,23.81,,,3.930,0.010,G,0.180,0.010,G,A6VN,12.770,0.050,V-K
HIP 2081,HIP 2081,HD 2261,GJ 9013,2MASS J00261699-4218216,1,1,0,0,0,0,0,00h26m16.87s,-42d18m18.4s,25.97,0.53,-0.51,2.400,0.010,G,1.080,0.020,G,K0IIIB,88.070,0.070,V-K
HIP 2941 A,HIP 2941 A,HD 3443 A,GJ 25 A,2MASS J00372057-2446023 A,1,0,1,0,0,0,0,00h37m19.79s,-24d46m02.0s,15.40,0.48,-0.45,5.570,0.000,G,0.720,0.000,G,K1V+G,1.320,0.080,V-K
HD 3651,HIP 3093,HD 3651,GJ 27,2MASS J00392187+2115024,1,0,1,1,0,1,1,00h39m22.09s,+21d15m04.9s,11.06,,,5.880,0.010,G,0.850,0.010,G,K0V,0.540,0.050,V-K
tau Cet,HIP 8102,HD 10700,GJ 71,2MASS J01440402-1556141,1,1,1,1,1,1,4,01h44m05.13s,-15d56m22.4s,3.65,,,3.490,0.000,G,0.730,0.010,G,G8.5V,0.520,0.050,V-K
HIP 8362,HIP 8362,HD 10780,GJ 75,2MASS J01474488+6351090,1,0,1,0,1,1,0,01h47m44.06s,+63d51m11.2s,10.07,0.10,-0.10,5.630,0.010,G,0.800,0.010,G,K0V,0.550,0.050,V-K
HIP 8497,HIP 8497,HD 11171,GJ 9061 A,2MASS J01493510-1041110,1,1,0,0,0,0,0,01h49m35.19s,-10d41m10.3s,23.19,0.23,-0.23,4.650,0.020,VT,0.330,0.000,G,F0V,6.090,0.060,V-K
HIP 8796,HIP 8796,HD 11443,GJ 78.1,2MASS J01530489+2934442,1,1,0,0,0,0,0,01h53m04.90s,+29d34m45.8s,19.42,,,3.420,0.010,G,0.490,0.010,G,F6IV,13.850,0.050,V-K
HIP 8903,HIP 8903,HD 11636,GJ 80,2MASS J01543840+2048291,1,1,0,0,0,0,0,01h54m38.35s,+20d48m29.9s,17.99,0.18,-0.18,2.630,0.020,VT,0.160,0.020,BVT-Blue,A5V...,24.760,0.070,V-K
HIP 9007,HIP 9007,HD 11937,GJ 81 A,2MASS J01555745-5136319 A,1,1,0,0,0,0,0,01h55m56.83s,-51d36m34.5s,17.85,0.18,-0.18,3.690,0.010,G,0.840,0.020,G,G8IIIBCNIV,10.950,0.100,B-V
HIP 9236,HIP 9236,HD 12311,GJ 83,2MASS J01584623-6134113,1,1,0,0,0,0,0,01h58m45.87s,-61d34m11.7s,22.01,0.22,-0.22,2.860,0.010,G,0.290,0.010,G,F0V,28.750,0.060,V-K
alf Ari,HIP 9884,HD 12929,GJ 84.3,2MASS J02071038+2327447,1,1,0,0,0,1,1,02h07m10.29s,+23d27m46.0s,20.18,0.20,-0.20,2.010,0.000,G,1.150,0.010,G,K2III,85.890,0.050,V-K
GJ 86,HIP 10138,HD 13445,GJ 86,2MASS J02102587-5049258,1,0,1,0,0,1,1,02h10m24.00s,-50d49m31.1s,10.78,,,6.120,0.010,G,0.810,0.020,G,K1V,0.420,0.100,B-V
HIP 10644,HIP 10644,HD 13974,GJ 92,2MASS J02170303+3413278,1,1,1,0,0,0,0,02h17m02.42s,+34d13m29.4s,10.78,,,4.860,0.020,VT,0.610,0.010,G,G0V,1.210,0.060,V-K
HIP 12114,HIP 12114,HD 16160,GJ 105 A,2MASS J02360498+0653140,1,0,1,1,1,1,0,02h36m03.83s,+06d53m00.1s,7.18,,,5.820,0.020,VT-G,0.980,0.020,BVT-G-Red,K3V,0.290,0.100,B-V
HIP 12706 A,HIP 12706 A,HD 16970,GJ 106.1 A,2MASS J02431801+0314089 A,1,1,0,0,0,0,0,02h43m18.12s,+03d14m10.2s,24.41,0.50,-0.48,3.470,0.000,G,0.090,0.000,G,A2Va,21.160,0.060,V-K
HIP 12777,HIP 12777,HD 16895,GJ 107 A,2MASS J02441197+4913423,1,1,1,0,1,0,0,02h44m11.69s,+49d13m43.2s,11.13,,,4.100,0.020,VT,0.490,0.020,BVT-Red,F7V,2.420,0.060,V-K
HIP 12828,HIP 12828,HD 17094,GJ 9099,2MASS J02445655+1006510,1,1,0,0,0,0,0,02h44m56.37s,+10d06m51.2s,25.77,0.26,-0.26,4.270,0.010,G,0.310,0.010,G,F1III-IV,10.720,0.100,B-V
HIP 12843,HIP 12843,HD 17206,GJ 111,2MASS J02450616-1834211,1,1,1,0,1,0,0,02h45m05.98s,-18d34m21.5s,14.22,0.44,-0.41,4.470,0.010,G,0.480,0.010,G,F5/6V,2.830,0.080,V-K
HIP 13402,HIP 13402,HD 17925,GJ 117,2MASS J02523210-1246109,1,0,1,0,0,1,0,02h52m31.89s,-12d46m09.3s,10.35,,,6.050,0.020,VT,0.860,0.020,G,K1V,0.420,0.060,V-K
HIP 14146,HIP 14146,HD 18978,GJ 121,2MASS J03022353-2337281,1,1,0,0,0,0,0,03h02m23.59s,-23d37m27.6s,27.17,,,4.080,0.000,G,0.160,0.000,G,A4V,14.410,0.050,V-K
HIP 14576,HIP 14576,HD 19356,GJ 9110,2MASS J03081012+4057204,1,1,0,0,0,0,0,03h08m10.13s,+40d57m20.3s,27.57,1.15,-1.06,2.110,0.010,VT,-0.010,0.010,BVT-Blue,B8V,141.600,0.100,V-K
HIP 14632,HIP 14632,HD 19373,GJ 124,2MASS J03090387+4936479,1,1,1,0,1,1,0,03h09m02.88s,+49d36m48.6s,10.54,,,4.050,0.000,G,0.600,0.010,G,G0V,2.360,0.050,V-K
HIP 14879 A,HIP 14879 A,HD 20010,GJ 127 A,2MASS J03120443-2859156 A,1,1,1,0,0,0,0,03h12m04.28s,-28d59m20.8s,14.24,0.14,-0.14,3.800,0.010,G,0.540,0.020,G,F8V,5.300,0.060,V-K
HIP 15330,HIP 15330,HD 20766,GJ 136,2MASS J03174616-6234313,1,0,1,1,0,0,0,03h17m44.47s,-62d34m36.8s,12.01,,,5.530,0.000,G,0.640,0.010,G,G3/5V,0.800,0.050,V-K
HIP 15371,HIP 15371,HD 20807,GJ 138,2MASS J03181281-6230230,1,1,1,0,0,0,0,03h18m11.14s,-62d30m28.6s,12.03,,,5.240,0.010,G,0.600,0.010,G,G2V,1.030,0.050,V-K
HIP 15457,HIP 15457,HD 20630,GJ 137,2MASS J03192169+0322126,1,1,1,0,0,1,0,03h19m21.54s,+03d22m11.9s,9.14,,,4.840,0.020,VT,0.680,0.010,G,G5V,0.880,0.060,V-K
HD 20794,HIP 15510,HD 20794,GJ 139,2MASS J03195563-4304112,1,1,1,1,0,0,4,03h19m53.22s,-43d04m17.6s,6.04,0.06,-0.06,4.260,0.000,G,0.710,0.010,G,G8.0V,0.690,0.050,V-K
HIP 16245,HIP 16245,HD 22001,GJ 143.2 A,2MASS J03292266-6256152,1,1,0,0,0,0,0,03h29m22.19s,-62d56m18.4s,21.68,,,4.700,0.020,VT,0.410,0.000,G,F3IV/V,5.180,0.060,V-K
eps Eri,HIP 16537,HD 22049,GJ 144,2MASS J03325591-0927298,1,1,1,1,1,1,1,03h32m56.42s,-09d27m29.9s,3.21,,,3.710,0.020,VT,0.880,0.010,G,K2.0V,0.350,0.060,V-K
HIP 16852,HIP 16852,HD 22484,GJ 147,2MASS J03365238+0024054,1,1,1,1,1,1,0,03h36m52.52s,+00d24m10.2s,13.96,0.14,-0.14,4.290,0.010,G,0.580,0.010,G,F8V,3.290,0.050,V-K
HIP 17378,HIP 17378,HD 23249,GJ 150,2MASS J03431490-0945490,1,1,1,0,0,1,0,03h43m14.96s,-09d45m54.7s,9.04,,,3.520,0.020,VT,0.930,0.020,BVT-G-Red,K0IV,3.370,0.060,V-K
HIP 17440,HIP 17440,HD 23817,GJ 154.2,2MASS J03441195-6448248,1,1,0,0,0,0,0,03h44m11.55s,-64d48m25.5s,29.86,0.61,-0.59,3.840,0.000,G,1.130,0.000,G,K0IV SB,39.120,0.110,B-V
HIP 17651,HIP 17651,HD 23754,GJ 155,2MASS J03465090-2314585,1,1,0,0,1,0,0,03h46m50.99s,-23d14m54.4s,17.63,,,4.220,0.010,G,0.430,0.010,G,F3/5V,5.390,0.100,B-V
HD 26965,HIP 19849,HD 26965,GJ 166 A,2MASS J04151651-0739068,1,1,1,1,1,1,1,04h15m17.64s,-07d38m40.4s,4.98,,,4.430,0.000,G,0.820,0.000,G,K0.5V,0.420,0.100,B-V
HIP 19859,HIP 19859,HD 26923,,2MASS J04152879+0611128,1,0,0,1,0,0,0,04h15m28.86s,+06d11m13.6s,21.33,0.22,-0.21,6.320,0.010,G,0.570,0.010,G,G0IV...,1.200,0.040,V-K
HIP 19893,HIP 19893,HD 27290,GJ 167.1,2MASS J04160159-5129119,1,1,0,0,0,0,0,04h16m01.49s,-51d29m13.5s,20.46,0.21,-0.20,4.250,0.020,VT,0.310,0.010,G,F0V,6.900,0.060,V-K
HD 27442,HIP 19921,HD 27442,GJ 167.3,2MASS J04162902-5918078,1,1,0,0,0,1,1,04h16m29.08s,-59d18m06.3s,18.24,,,4.440,0.000,G,1.080,0.010,G,K1/2III,6.880,0.050,V-K
alf Tau,HIP 21421,HD 29139,GJ 171.1 A,2MASS J04355524+1630331,1,1,0,0,0,0,1,04h35m55.20s,+16d30m35.1s,20.43,0.42,-0.40,0.870,0.010,G,1.540,0.010,G,K5III,469.490,0.060,V-K
HIP 21770,HIP 21770,HD 29875,GJ 174.1 A,2MASS J04403374-4151495 A,1,1,0,0,0,0,0,04h40m33.82s,-41d51m48.9s,20.17,,,4.440,0.010,G,0.340,0.010,G,F1V,5.610,0.050,V-K
HIP 22263,HIP 22263,HD 30495,GJ 177,2MASS J04473628-1656041,1,0,1,0,0,1,0,04h47m36.21s,-16d56m05.5s,13.28,,,5.490,0.020,VT,0.630,0.010,G,G3V,1.010,0.100,B-V
HD 30562,HIP 22336,HD 30562,GJ 177.1,2MASS J04483633-0540258,1,0,1,0,0,1,1,04h48m36.20s,-05d40m24.4s,26.42,0.27,-0.26,5.760,0.020,VT,0.630,0.000,G,G5V,3.080,0.060,V-K
HIP 22449,HIP 22449,HD 30652,GJ 178,2MASS J04495040+0657409,1,1,1,0,1,1,0,04h49m50.14s,+06d57m40.5s,8.07,,,3.170,0.020,VT,0.460,0.020,BVT-Red,F6V,3.000,0.060,V-K
GJ 179,HIP 22627,,GJ 179,2MASS J04520573+0628356,1,0,1,0,0,1,1,04h52m05.64s,+06d28m38.3s,12.29,0.65,-0.59,12.020,0.010,Koen,1.550,0.010,Koen,M4,0.020,0.150,V-K
HIP 23311,HIP 23311,HD 32147,GJ 183,2MASS J05004896-0545117,1,0,1,0,1,1,0,05h00m48.68s,-05d45m03.5s,8.71,,,6.230,0.020,VT,1.050,0.010,G,K4III,0.300,0.060,V-K
HIP 23693,HIP 23693,HD 33262,GJ 189,2MASS J05053067-5728217,1,1,1,0,0,0,0,05h05m30.69s,-57d28m22.8s,11.65,,,4.710,0.010,G,0.530,0.010,G,F6/7V,1.540,0.100,B-V
HIP 23835,HIP 23835,HD 32923,GJ 188 A,2MASS J05072692+1838420 A,1,1,1,0,0,1,0,05h07m26.68s,+18d38m42.0s,15.43,0.16,-0.15,4.910,0.010,G,0.660,0.010,G,G4V,2.330,0.050,V-K
HIP 23875,HIP 23875,HD 33111,GJ 9175,2MASS J05075100-0505109,1,1,0,0,1,0,0,05h07m51.03s,-05d05m10.5s,27.40,0.28,-0.27,2.760,0.020,VT,0.150,0.020,BVT-Blue,A3IVn,49.810,0.070,V-K
HIP 24205,HIP 24205,HD 33636,,2MASS J05114645+0424127,1,0,1,0,0,1,0,05h11m46.34s,+04d24m13.9s,28.37,0.88,-0.83,6.980,0.020,VT,0.590,0.020,G,G1/2V,1.150,0.090,V-K
HIP 24608,HIP 24608,HD 34029,GJ 194 A,2MASS J05164138+4559525 A,1,1,0,0,0,0,0,05h16m41.30s,+45d59m56.5s,13.12,0.13,-0.13,0.080,0.010,G,0.800,0.020,G,M1:comp,158.400,0.060,V-K
HIP 24813,HIP 24813,HD 34411,GJ 197,2MASS J05190848+4005565,1,1,1,0,1,1,0,05h19m08.08s,+40d06m02.4s,12.63,,,4.690,0.020,VT,0.610,0.020,BVT-Red,G0V,1.890,0.060,V-K
HIP 25278,HIP 25278,HD 35296,GJ 202,2MASS J05242545+1723006,1,1,1,0,1,0,0,05h24m25.31s,+17d23m00.8s,14.39,0.15,-0.14,5.000,0.020,VT,0.520,0.020,BVT-Red,F8VSB,1.800,0.060,V-K
HD 39091,HIP 26394,HD 39091,GJ 9189,2MASS J05370988-8028090,1,1,1,0,0,1,2,05h37m08.79s,-80d28m18.0s,18.32,,,5.650,0.000,G,0.600,0.000,G,G1V,1.640,0.100,B-V
HIP 26779,HIP 26779,HD 37394,GJ 211,2MASS J05412033+5328523,1,0,1,0,0,1,0,05h41m20.33s,+53d28m56.4s,12.28,0.12,-0.12,6.200,0.020,VT,0.840,0.010,G,K1V,0.500,0.040,V-K
HIP 27072,HIP 27072,HD 38393,GJ 216 A,2MASS J05442780-2226538,1,1,1,0,1,0,0,05h44m27.97s,-22d26m51.0s,8.93,,,3.590,0.010,G,0.480,0.010,G,F7V,2.510,0.050,V-K
HIP 27288,HIP 27288,HD 38678,GJ 217.1,2MASS J05465735-1449189,1,1,0,0,1,0,0,05h46m57.35s,-14d49m19.0s,21.61,,,3.550,0.000,G,0.100,0.000,G,A2VANN,15.400,0.050,V-K
bet Pic,HIP 27321,HD 39060,GJ 219,2MASS J05471708-5103594,1,1,0,0,0,1,2,05h47m17.08s,-51d04m00.2s,19.44,,,3.850,0.000,G,0.170,0.000,G,A5V,9.080,0.050,V-K
HD 38858,HIP 27435,HD 38858,GJ 1085,2MASS J05483495-0405404,1,0,0,1,0,0,0,05h48m34.90s,-04d05m38.7s,15.18,0.15,-0.15,5.970,0.000,G,0.640,0.000,G,G3V,0.850,0.050,V-K
HIP 27628,HIP 27628,HD 39425,,2MASS J05505760-3546062,1,1,0,0,0,0,0,05h50m57.55s,-35d46m09.5s,26.73,,,3.100,0.020,VT-G,1.170,0.020,BVT-G-Red,K1.5III,52.650,0.060,V-K
HIP 27890,HIP 27890,HD 40409,GJ 224.1,2MASS J05540606-6305230,1,1,0,0,0,0,0,05h54m05.90s,-63d05m27.7s,26.25,0.54,-0.51,4.640,0.020,VT-G,1.050,0.020,BVT-G-Red,K1III/IV,12.300,0.110,B-V
HIP 27913,HIP 27913,HD 39587,GJ 222 A,2MASS J05542300+2016344 A,1,1,1,1,0,0,0,05h54m23.08s,+20d16m35.1s,8.66,,,4.390,0.020,VT,0.590,0.010,G,G0V,1.170,0.060,V-K
HIP 28103,HIP 28103,HD 40136,GJ 225,2MASS J05562429-1410036,1,1,1,0,1,0,0,05h56m24.32s,-14d10m04.9s,14.88,,,3.710,0.010,G,0.340,0.010,G,F1V,6.020,0.050,V-K
HIP 28360,HIP 28360,HD 40183,GJ 3375,2MASS J05593172+4456508,1,1,0,0,0,0,0,05h59m31.77s,+44d56m50.8s,24.87,0.25,-0.25,1.890,0.010,VT,0.070,0.010,BVT-Blue,A2V,110.910,0.050,V-K
HIP 29271,HIP 29271,HD 43834,GJ 231,2MASS J06101448-7445107,1,1,1,1,0,0,0,06h10m14.20s,-74d45m09.1s,10.20,,,5.080,0.010,G,0.710,0.020,G,G6V,0.910,0.100,B-V
7 CMa,HIP 31592,HD 47205,GJ 239.1,2MASS J06364103-1915210,1,1,0,0,0,1,2,06h36m41.00s,-19d15m20.6s,19.75,,,3.950,0.020,VT,1.060,0.020,BVT-G-Red,K1III(+M),11.990,0.060,V-K
HIP 32349,HIP 32349,HD 48915,GJ 244 A,2MASS J06450887-1642566 A,1,1,1,0,0,0,0,06h45m09.25s,-16d42m47.3s,2.63,,,-1.440,0.000,G,0.010,0.010,G,A1.0V,30.480,0.050,V-K
HIP 32362,HIP 32362,HD 48737,GJ 242,2MASS J06451737+1253438,1,1,0,0,1,0,0,06h45m17.43s,+12d53m45.8s,18.00,,,3.320,0.020,VT,0.440,0.010,G,F5IV,12.770,0.060,V-K
HIP 32607,HIP 32607,HD 50241,GJ 248,2MASS J06481145-6156290,1,1,0,0,0,0,0,06h48m11.54s,-61d56m31.1s,29.60,1.56,-1.41,3.230,0.020,VT,0.220,0.020,BVT-G-Blue,A7IV,36.400,0.140,V-K
HIP 33202 A,HIP 33202 A,HD 50635,GJ 9220 A,2MASS J06543863+1310401,1,1,0,0,0,0,0,06h54m38.59s,+13d10m40.9s,25.63,1.07,-0.99,4.730,0.010,G,0.320,0.020,G,F0Vp,6.950,0.140,B-V
HIP 34065,HIP 34065,HD 53705,GJ 264.1 A,2MASS J07035734-4336289,1,0,1,0,0,0,0,07h03m57.40s,-43d36m32.3s,16.52,0.34,-0.32,5.560,0.010,G,0.620,0.010,G,G3V,1.450,0.070,V-K
HIP 34834,HIP 34834,HD 55892,GJ 268.1,2MASS J07123363-4645337,1,1,0,0,0,0,0,07h12m33.74s,-46d45m34.4s,21.43,,,4.490,0.010,G,0.320,0.010,G,F0IV,6.050,0.050,V-K
HIP 35136,HIP 35136,HD 55575,GJ 1095,2MASS J07155011+4714241,1,0,0,1,0,0,0,07h15m50.11s,+47d14m25.5s,16.89,0.17,-0.17,5.540,0.020,VT,0.580,0.000,G,G0V,1.540,0.060,V-K
HIP 35550,HIP 35550,HD 56986,GJ 271 A,2MASS J07200736+2158561 A,1,1,0,0,0,0,0,07h20m07.39s,+21d58m56.4s,18.54,0.19,-0.18,3.500,0.010,G,0.370,0.020,G,F0IV...,11.380,0.060,V-K
HIP 36366,HIP 36366,HD 58946,GJ 274 A,2MASS J07290671+3147043 A,1,1,0,0,0,0,0,07h29m06.61s,+31d47m02.7s,18.05,,,4.160,0.020,VT,0.320,0.010,G,F0V...,5.840,0.060,V-K
HD 60532,HIP 36795,HD 60532,GJ 279,2MASS J07340317-2217457,1,1,0,0,0,1,2,07h34m03.21s,-22d17m46.3s,25.30,0.26,-0.25,4.440,0.010,G,0.520,0.010,G,F6V,9.300,0.100,B-V
HIP 36850 A,HIP 36850 A,HD 60179,GJ 278 A,2MASS J07343598+3153184 A,1,1,1,0,0,0,0,07h34m36.00s,+31d53m19.1s,15.60,1.00,-0.88,1.580,0.000,G,0.030,0.000,G,A2Vm,53.930,0.170,B-V
HIP 37279,HIP 37279,HD 61421,GJ 280 A,2MASS J07391805+0513298 A,1,1,1,0,0,0,0,07h39m18.54s,+05d13m39.0s,3.51,,,0.400,0.010,G,0.430,0.020,G,F5IV-V,7.120,0.040,V-K
HD 62509,HIP 37826,HD 62509,GJ 286,2MASS J07451891+2801340,1,1,1,0,0,1,1,07h45m19.36s,+28d01m34.7s,10.36,,,1.160,0.000,G,0.990,0.010,G,K0IIIvar,40.950,0.050,V-K
HIP 37853,HIP 37853,HD 63077,GJ 288 A,2MASS J07453500-3410226,1,0,1,1,0,0,0,07h45m35.18s,-34d10m35.6s,15.21,0.15,-0.15,5.360,0.010,G,0.590,0.010,G,G0V,1.510,0.060,V-K
HIP 38382 A,HIP 38382 A,HD 64096,GJ 291 A,2MASS J07514629-1353526 A,1,0,1,0,0,0,0,07h51m46.34s,-13d53m49.9s,16.50,0.17,-0.16,5.160,0.000,G,0.600,0.010,G,G2V,2.110,0.060,V-K
HIP 38908,HIP 38908,HD 65907,GJ 294 A,2MASS J07574692-6018111,1,0,1,0,0,0,0,07h57m46.30s,-60d18m12.1s,16.20,,,5.580,0.020,VT,0.570,0.010,G,G0V,1.360,0.060,V-K
HIP 39757,HIP 39757,HD 67523,,2MASS J08073264-2418154,1,1,0,0,0,0,0,08h07m32.70s,-24d18m16.0s,19.48,,,2.790,0.020,VT,0.460,0.020,BVT-Blue,F2MF5IIP,24.250,0.060,V-K
HIP 39903,HIP 39903,HD 68456,GJ 297.1,2MASS J08090068-6118088,1,1,0,0,0,0,0,08h09m00.86s,-61d18m06.1s,19.98,1.05,-0.95,4.740,0.020,VT,0.440,0.010,G,F5V,4.290,0.170,B-V
HIP 40167 A,HIP 40167 A,HD 68257,GJ 9257 A,2MASS J08121278+1738522 A,1,1,0,0,0,0,0,08h12m12.71s,+17d38m53.3s,25.08,0.51,-0.49,5.240,0.020,VT,0.530,0.000,G,G0V,4.560,0.060,V-K
HD 69830,HIP 40693,HD 69830,GJ 302,2MASS J08182389-1237541,1,0,1,0,0,1,3,08h18m23.78s,-12d37m47.2s,12.49,,,5.940,0.020,VT,0.750,0.010,G,K0V,0.630,0.060,V-K
HIP 40702,HIP 40702,HD 71243,GJ 305,2MASS J08183157-7655108,1,1,0,0,0,0,0,08h18m31.27s,-76d55m11.9s,19.56,,,4.050,0.020,VT,0.400,0.020,BVT-G-Blue,F5V,7.740,0.100,B-V
HIP 40706,HIP 40706,HD 70060,GJ 305,2MASS J08183332-3639333,1,1,0,0,0,0,0,08h18m33.39s,-36d39m34.3s,28.63,0.29,-0.28,4.440,0.000,G,0.220,0.010,G,A4(M)A5-A7,11.380,0.050,V-K
HD 70642,HIP 40952,HD 70642,GJ 304,2MASS J08212815-3942199,1,0,1,0,0,1,1,08h21m28.29s,-39d42m21.4s,28.07,0.28,-0.28,7.160,0.020,VT-G,0.710,0.020,BVT-G-Red,G8/K1(III+F/G),0.980,0.050,V-K
HIP 42438,HIP 42438,HD 72905,GJ 311,2MASS J08391162+6501151,1,0,1,0,0,1,0,08h39m11.74s,+65d01m14.5s,14.36,0.15,-0.14,5.630,0.000,G,0.620,0.000,G,G1.5Vb,1.030,0.050,V-K
HIP 42913 A,HIP 42913 A,HD 74956,GJ 321.3 A,2MASS J08444223-5442313 A,1,1,0,0,0,0,0,08h44m42.20s,-54d42m30.8s,24.70,0.25,-0.24,1.930,0.020,Hp-VI,0.040,0.010,G,A0V,96.770,0.110,B-V
55 Cnc,HIP 43587,HD 75732,GJ 324 A,2MASS J08523579+2819509,1,1,1,0,0,1,5,08h52m36.13s,+28d19m53.0s,12.34,0.12,-0.12,5.960,0.010,G,0.870,0.010,G,G8V,0.660,0.100,B-V
GJ 328,HIP 43790,,GJ 328,2MASS J08550761+0132472,1,0,1,0,0,1,1,08h55m07.60s,+01d32m56.6s,19.79,0.82,-0.76,9.990,0.000,G,1.370,0.010,G,M1,0.100,0.090,V-K
HIP 44127,HIP 44127,HD 76644,GJ 331 A,2MASS J08591246+4802304 A,1,1,1,0,0,0,0,08h59m12.84s,+48d02m32.5s,14.51,,,3.100,0.020,VT,0.210,0.020,BVT-Blue,A7IV,10.180,0.060,V-K
HIP 44248 A,HIP 44248 A,HD 76943,GJ 332 A,2MASS J09003845+4146583 A,1,1,1,0,0,0,0,09h00m38.75s,+41d47m00.4s,16.07,0.16,-0.16,3.970,0.020,VT,0.440,0.020,BVT-Blue,F5V,5.610,0.070,V-K
HIP 44901,HIP 44901,HD 78209,GJ 3534,2MASS J09085226+5136168,1,1,0,0,0,0,0,09h08m52.39s,+51d36m17.0s,28.82,0.29,-0.29,4.440,0.020,VT,0.290,0.010,G,Am,11.380,0.100,B-V
HIP 45038 A,HIP 45038 A,HD 78154,GJ 335 A,2MASS J09102351+6708030 A,1,1,0,0,1,0,0,09h10m23.53s,+67d08m03.3s,20.38,0.21,-0.20,4.800,0.000,G,0.490,0.010,G,F7IV-V,4.330,0.050,V-K
HIP 45170,HIP 45170,HD 79096,GJ 337 A,2MASS J09121762+1459454 A,1,0,0,1,0,0,0,09h12m17.87s,+14d59m43.6s,20.36,0.21,-0.20,6.480,0.020,VT,0.730,0.000,G,G9V,1.030,0.050,V-K
HIP 46509,HIP 46509,HD 81997 A,GJ 348 A,2MASS J09290891-0246083,1,1,0,0,0,0,0,09h29m08.84s,-02d46m08.2s,17.33,0.72,-0.67,4.590,0.010,G,0.410,0.020,G,F5V,3.720,0.110,V-K
HIP 46651 A,HIP 46651 A,HD 82434,GJ 351 A,2MASS J09304200-4028004 A,1,1,0,0,0,0,0,09h30m42.11s,-40d28m00.8s,18.81,0.19,-0.19,3.600,0.010,G,0.370,0.020,G,F2IV,10.650,0.060,V-K
HIP 46733,HIP 46733,HD 81937,GJ 3559,2MASS J09313170+6303427,1,1,0,0,1,0,0,09h31m31.57s,+63d03m42.5s,23.82,,,3.640,0.020,VT,0.360,0.020,G,F0IV,16.460,0.060,V-K
HIP 46853,HIP 46853,HD 82328,GJ 354 A,2MASS J09325151+5140384 A,1,1,1,0,0,0,0,09h32m52.33s,+51d40m43.0s,13.48,,,3.160,0.020,VT,0.470,0.020,BVT-G-Red,F6IV,8.450,0.060,V-K
HIP 47080,HIP 47080,HD 82885,GJ 356 A,2MASS J09353959+3548366 A,1,1,1,0,0,0,0,09h35m40.03s,+35d48m38.8s,11.37,,,5.390,0.020,VT,0.770,0.000,G,G8IV-V,0.850,0.060,V-K
HIP 47592,HIP 47592,HD 84117,GJ 364,2MASS J09421443-2354563,1,1,1,0,1,1,0,09h42m14.67s,-23d54m58.4s,15.01,,,4.920,0.020,VT,0.530,0.000,G,G0V,2.110,0.100,B-V
HIP 49081,HIP 49081,HD 86728,GJ 376,2MASS J10010072+3155262,1,0,1,0,0,1,0,10h01m01.02s,+31d55m29.0s,15.05,,,5.370,0.020,VT,0.670,0.020,BVT-Red,G1V,1.470,0.100,B-V
HIP 49593,HIP 49593,HD 87696,GJ 378.3,2MASS J10072573+3514409,1,1,0,0,0,0,0,10h07m25.73s,+35d14m40.9s,28.24,0.29,-0.28,4.490,0.010,G,0.190,0.010,G,A7V,10.680,0.050,V-K
HIP 49669,HIP 49669,HD 87901,GJ 9316 A,2MASS J10082229+1158018,1,1,0,0,0,0,0,10h08m22.46s,+11d58m01.9s,24.31,0.25,-0.24,1.410,0.010,VT-G,-0.040,0.010,BVT-G-Blue,B7V,215.450,0.030,V-K
HD 87883,HIP 49699,HD 87883,,2MASS J10084315+3414322,1,1,1,0,0,1,1,10h08m43.18s,+34d14m32.7s,18.20,0.18,-0.18,7.550,0.020,VT,0.990,0.020,BVT-Red,K0,0.350,0.050,V-K
HIP 49908,HIP 49908,HD 88230,GJ 380,2MASS J10112218+4927153,1,0,0,0,1,0,0,10h11m23.36s,+49d27m19.7s,4.87,,,6.600,0.020,VT,1.340,0.020,BVT-Red,K7.0V,0.110,0.060,V-K
HIP 50564,HIP 50564,HD 89449,GJ 388.1,2MASS J10194419+1928157,1,1,0,0,1,0,0,10h19m44.31s,+19d28m17.2s,21.37,0.22,-0.21,4.780,0.020,VT,0.450,0.010,G,F6IV,4.750,0.100,B-V
HIP 50954,HIP 50954,HD 90589,GJ 391,2MASS J10242373-7401536,1,1,1,0,0,0,0,10h24m23.74s,-74d01m53.6s,16.22,,,3.980,0.020,VT,0.370,0.020,G,F2/3IV/V,5.620,0.060,V-K
HIP 51459,HIP 51459,HD 90839,GJ 395,2MASS J10303759+5558501,1,1,1,0,1,1,0,10h30m37.76s,+55d58m50.2s,12.78,,,4.820,0.020,VT,0.540,0.010,G,F8V,1.680,0.060,V-K
HIP 51986 A,HIP 51986 A,HD 92139,,2MASS J10371812-4813321 A,1,1,0,0,0,0,0,10h37m18.26s,-48d13m32.2s,26.84,0.27,-0.27,3.830,0.020,VT-G,0.300,0.020,BVT-G-Blue,A3MF0-F2,17.250,0.060,V-K
HIP 53229,HIP 53229,HD 94264,,2MASS J10531870+3412538,1,1,0,0,0,0,0,10h53m18.64s,+34d12m56.0s,29.09,0.29,-0.29,3.790,0.020,VT,1.040,0.010,G,K0III-IV,30.730,0.060,V-K
HIP 53253,HIP 53253,HD 94510,GJ 404.1,2MASS J10532966-5851113,1,1,0,0,0,0,0,10h53m29.57s,-58d51m11.8s,29.13,,,3.780,0.000,G,0.950,0.010,G,K1III,28.480,0.050,V-K
47 UMa,HIP 53721,HD 95128,GJ 407,2MASS J10592802+4025485,1,1,1,0,1,1,3,10h59m28.22s,+40d25m48.4s,14.06,,,5.030,0.020,VT,0.610,0.020,BVT-Red,G0V,1.710,0.100,B-V
HIP 53910,HIP 53910,HD 95418,GJ 9343,2MASS J11015046+5622566,1,1,0,0,1,0,0,11h01m50.39s,+56d22m56.4s,24.45,,,2.350,0.000,VT,0.030,0.000,BVT-Blue,A1V,74.990,0.050,V-K
HIP 54182,HIP 54182,HD 96097,,2MASS J11050103+0720096,1,1,0,0,0,0,0,11h05m01.23s,+07d20m10.0s,28.99,0.29,-0.29,4.620,0.020,VT,0.330,0.010,G,F2III-IVvar,9.890,0.040,V-K
HIP 54872,HIP 54872,HD 97603,GJ 419,2MASS J11140651+2031258,1,1,0,0,1,0,0,11h14m06.41s,+20d31m26.5s,17.91,,,2.560,0.010,G,0.130,0.010,G,A4V,25.780,0.050,V-K
HIP 55642 A,HIP 55642 A,HD 99028,GJ 426.1 A,2MASS J11235546+1031459 A,1,1,0,0,0,0,0,11h23m55.37s,+10d31m46.9s,23.67,0.48,-0.46,4.000,0.010,G,0.420,0.020,G,F2IVSB,12.080,0.110,V-K
HIP 55705,HIP 55705,HD 99211,,2MASS J11245298-1741025,1,1,0,0,0,0,0,11h24m52.98s,-17d41m02.5s,25.24,0.25,-0.25,4.070,0.020,VT,0.220,0.010,G,A9V,12.300,0.100,B-V
HD 99492,HIP 55848,HD 99492,GJ 429 B,2MASS J11264627+0300229,1,1,0,0,0,1,1,11h26m46.70s,+03d00m21.1s,17.96,0.56,-0.52,7.530,0.010,Koen,1.020,0.010,Koen,K2/4,0.340,0.070,V-K
HIP 56452,HIP 56452,HD 100623,GJ 432 A,2MASS J11342953-3249533,1,0,1,1,0,1,0,11h34m29.95s,-32d50m00.0s,9.56,,,5.960,0.020,VT,0.810,0.010,G,K0V,0.620,0.060,V-K
HIP 56997,HIP 56997,HD 101501,GJ 434,2MASS J11410301+3412064,1,1,1,1,1,1,0,11h41m03.03s,+34d12m09.2s,9.61,,,5.310,0.020,VT,0.720,0.010,G,G8Vvar,0.650,0.060,V-K
HD 102365,HIP 57443,HD 102365,GJ 442 A,2MASS J11463107-4030013,1,1,1,1,0,1,1,11h46m32.25s,-40d30m04.8s,9.22,,,4.890,0.000,G,0.660,0.000,G,G3/5V,0.860,0.050,V-K
HIP 57632,HIP 57632,HD 102647,GJ 448,2MASS J11490366+1434197,1,1,1,0,1,0,0,11h49m03.88s,+14d34m20.4s,11.00,0.11,-0.11,2.140,0.000,G,0.090,0.000,G,A3Vvar,14.580,0.020,V-K
HIP 57757,HIP 57757,HD 102870,GJ 449,2MASS J11504173+0145528,1,1,1,0,1,1,0,11h50m41.29s,+01d45m55.4s,10.93,,,3.590,0.010,G,0.520,0.020,G,F9V,3.790,0.050,V-K
HIP 58001,HIP 58001,HD 103287,,2MASS J11534983+5341408,1,1,0,0,1,0,0,11h53m49.74s,+53d41m41.0s,25.50,0.26,-0.25,2.390,0.020,VT,0.050,0.020,BVT-Blue,A0VSB,74.950,0.070,V-K
HIP 58576,HIP 58576,HD 104304,GJ 454,2MASS J12004444-1026452,1,0,1,0,0,1,0,12h00m44.37s,-10d26m41.4s,12.76,,,5.530,0.020,VT,0.770,0.020,BVT-G-Red,G8IV,0.930,0.060,V-K
HIP 59072,HIP 59072,HD 105211,GJ 455.2,2MASS J12065290-6436494,1,1,0,0,0,0,0,12h06m52.85s,-64d36m49.1s,19.76,,,4.140,0.020,VT,0.350,0.010,G,F0IV,7.120,0.060,V-K
HIP 59199,HIP 59199,HD 105452,GJ 455.3,2MASS J12082481-2443440,1,1,1,0,1,0,0,12h08m24.75s,-24d43m43.6s,14.94,,,4.020,0.010,G,0.330,0.020,G,F0IV/V,4.560,0.050,V-K
HIP 59774,HIP 59774,HD 106591,GJ 459,2MASS J12152554+5701575,1,1,0,0,1,0,0,12h15m25.45s,+57d01m57.4s,24.69,,,3.280,0.020,VT,0.080,0.010,G,A3Vvar,26.090,0.060,V-K
HIP 60729,HIP 60729,HD 108309,GJ 9406,2MASS J12264817-4854472,1,0,0,1,0,0,0,12h26m48.71s,-48d54m46.8s,26.61,0.27,-0.26,6.250,0.000,G,0.670,0.000,G,G3/5V,2.020,0.030,V-K
HIP 60965,HIP 60965,HD 108767,,2MASS J12295187-1630552,1,1,0,0,1,0,0,12h29m51.98s,-16d30m54.3s,26.63,,,2.930,0.020,VT,-0.010,0.020,BVT-Blue,B9.5V,57.790,0.060,V-K
HIP 61084,HIP 61084,HD 108903,GJ 470,2MASS J12310993-5706474,1,1,0,0,0,0,0,12h31m09.93s,-57d06m45.2s,27.15,,,1.650,0.010,VT,1.520,0.010,BVT-G-Red,M4III,878.370,0.090,V-K
HIP 61174,HIP 61174,HD 109085,GJ 471.2,2MASS J12320424-1611455,1,1,0,0,1,0,0,12h32m04.48s,-16d11m45.1s,18.28,,,4.300,0.010,G,0.390,0.010,G,F2V,5.240,0.050,V-K
HIP 61317,HIP 61317,HD 109358,GJ 475,2MASS J12334454+4121270,1,1,1,0,0,1,0,12h33m45.09s,+41d21m24.4s,8.44,,,4.240,0.020,VT,0.590,0.010,G,G0V,1.270,0.060,V-K
HIP 61941 A,HIP 61941 A,HD 110379,GJ 482 A,2MASS J12413962-0126580 A,1,1,1,0,0,0,0,12h41m40.00s,-01d26m58.3s,11.68,0.12,-0.12,3.440,0.020,VT-G,0.360,0.020,BVT-G-Blue,F1V,5.280,0.060,V-K
HIP 62145,HIP 62145,HD 110833,GJ 483,2MASS J12441457+5145336,1,0,0,1,0,0,0,12h44m14.90s,+51d45m35.1s,14.88,0.15,-0.15,7.010,0.020,VT,0.940,0.010,G,K3V,0.380,0.050,V-K
HIP 62956,HIP 62956,HD 112185,,2MASS J12540170+5557349,1,1,0,0,0,0,0,12h54m01.63s,+55d57m35.4s,25.31,0.26,-0.25,1.760,0.000,G,-0.020,0.000,G,A0p,134.690,0.050,V-K
HIP 63613,HIP 63613,HD 112985,,2MASS J13021624-7132554,1,1,0,0,0,0,0,13h02m15.78s,-71d32m55.7s,27.87,0.28,-0.28,3.600,0.020,VT,1.190,0.020,BVT-Red,K2III,47.110,0.110,B-V
HIP 64241,HIP 64241,HD 114378,GJ 501 A,2MASS J13095936+1731456 A,1,1,0,0,0,0,0,13h09m59.55s,+17d31m44.8s,17.83,0.36,-0.35,4.320,0.010,G,0.460,0.010,G,F5V,5.060,0.060,V-K
HIP 64394,HIP 64394,HD 114710,GJ 502,2MASS J13115238+2752411,1,1,1,0,0,1,0,13h11m52.92s,+27d52m33.7s,9.13,,,4.240,0.020,VT,0.570,0.010,G,G0V,1.480,0.060,V-K
HD 114613,HIP 64408,HD 114613,GJ 501.2,2MASS J13120320-3748110,1,1,0,0,0,1,1,13h12m03.47s,-37d48m11.3s,20.67,0.21,-0.20,4.840,0.020,VT-G,0.700,0.020,BVT-G-Red,G3V,4.480,0.060,V-K
HIP 64583,HIP 64583,HD 114837,GJ 503 A,2MASS J13141513-5906114 A,1,1,0,0,0,0,0,13h14m15.43s,-59d06m10.3s,18.20,0.18,-0.18,4.910,0.020,VT,0.470,0.020,BVT-G-Blue,F5V,3.130,0.060,V-K
61 Vir,HIP 64924,HD 115617,GJ 506,2MASS J13182443-1818387,1,1,1,0,1,1,3,13h18m24.97s,-18d18m31.0s,8.56,,,4.740,0.000,G,0.710,0.010,G,G5V,0.870,0.100,B-V
HIP 65109,HIP 65109,HD 115892,GJ 508.1,2MASS J13203582-3642443,1,1,0,0,0,0,0,13h20m36.07s,-36d42m43.5s,18.02,,,2.720,0.020,VT,0.070,0.020,BVT-Blue,A2V,26.990,0.060,V-K
HIP 65352,HIP 65352,HD 116442,GJ 3781 A,2MASS J13233916+0243239,1,0,0,1,0,0,0,13h23m39.15s,+02d43m22.2s,15.45,0.32,-0.30,7.060,0.010,G,0.780,0.020,G,G8/K0V,0.360,0.060,V-K
HIP 65378 A,HIP 65378 A,HD 116656,GJ 3783 A,2MASS J13235563+5455292,1,1,0,0,0,0,0,13h23m55.42s,+54d55m31.5s,26.31,1.10,-1.01,2.220,0.000,VT,0.050,0.000,BVT-Blue,A2V,83.790,0.120,V-K
HIP 65477,HIP 65477,HD 116842,GJ 3785,2MASS J13251353+5459165,1,1,0,0,0,0,0,13h25m13.42s,+54d59m16.8s,25.06,,,3.980,0.020,VT,0.170,0.010,G,A5VSB,13.470,0.060,V-K
HIP 65530,HIP 65530,HD 117043,GJ 511.1,2MASS J13255983+6315406,1,0,0,1,0,0,0,13h26m00.37s,+63d15m38.7s,21.17,0.21,-0.21,6.500,0.000,G,0.740,0.000,G,G6V,1.060,0.020,V-K
HIP 66249,HIP 66249,HD 118098,GJ 3792,2MASS J13344160-0035450,1,1,0,0,0,0,0,13h34m41.75s,-00d35m45.4s,22.71,,,3.380,0.000,G,0.110,0.000,G,A0/1IV,19.740,0.050,V-K
HIP 67153,HIP 67153,HD 119756,GJ 525.1,2MASS J13454130-3302372,1,1,0,0,0,0,0,13h45m41.57s,-33d02m36.1s,19.40,,,4.230,0.020,VT,0.370,0.020,BVT-G-Blue,F3V,6.360,0.060,V-K
tau Boo,HIP 67275,HD 120136,GJ 527 A,2MASS J13471581+1727249 A,1,1,1,0,1,1,1,13h47m16.04s,+17d27m24.4s,15.62,,,4.480,0.020,VT,0.510,0.000,G,F7V,3.350,0.060,V-K
HIP 67927,HIP 67927,HD 121370,GJ 534,2MASS J13544106+1823514,1,1,1,0,0,0,0,13h54m41.12s,+18d23m54.9s,11.40,0.12,-0.11,2.680,0.000,G,0.580,0.000,G,G0IV,9.600,0.060,V-K
HIP 68933,HIP 68933,HD 123139,GJ 539,2MASS J14064097-3622113,1,1,0,0,0,0,0,14h06m41.32s,-36d22m07.3s,18.03,,,2.060,0.010,G,1.010,0.010,G,K0IIIB,58.340,0.050,V-K
HIP 69673 A,HIP 69673 A,HD 124897,GJ 541,2MASS J14153968+1910558 A,1,1,0,0,0,0,0,14h15m40.35s,+19d11m14.2s,11.26,0.11,-0.11,-0.050,0.000,G,1.240,0.010,G,K2IIIp,235.320,0.100,B-V
HIP 69701,HIP 69701,HD 124850,GJ 9473,2MASS J14160086-0600016,1,1,0,0,0,0,0,14h16m00.88s,-05d59m58.3s,22.24,,,4.070,0.020,VT,0.510,0.010,G,F6III,10.090,0.100,V-K
HIP 70497,HIP 70497,HD 126660,GJ 549 A,2MASS J14251181+5151029,1,1,1,0,1,0,0,14h25m12.02s,+51d51m06.2s,14.53,,,4.040,0.020,VT,0.500,0.010,G,F7V,4.420,0.100,V-K
HIP 71075,HIP 71075,HD 127762,,2MASS J14320470+3818294,1,1,0,0,0,0,0,14h32m04.76s,+38d18m28.4s,26.61,,,3.040,0.000,G,0.190,0.010,G,A7IIIvar,35.470,0.050,V-K
HIP 71284,HIP 71284,HD 128167,GJ 557,2MASS J14344080+2944422,1,1,1,0,1,1,0,14h34m40.69s,+29d44m41.3s,15.83,,,4.470,0.000,G,0.360,0.010,G,F3Vwvar,3.420,0.050,V-K
HD 128311,HIP 71395,HD 128311,GJ 3860,2MASS J14360055+0944474,1,0,1,0,0,1,2,14h36m00.44s,+09d44m49.7s,16.50,0.17,-0.16,7.490,0.020,VT,0.970,0.000,G,K0,0.320,0.060,V-K
alf Cen B,HIP 71681,HD 128621,GJ 559 B,2MASS J14393592-6050069 B,1,1,1,1,0,0,0,14h39m39.39s,-60d50m22.1s,1.34,,,1.350,0.010,G,0.900,0.020,G,K0V,0.520,0.050,V-K
alf Cen A,HIP 71683,HD 128620,GJ 559 A,2MASS J14393592-6050069 A,1,1,1,1,0,0,0,14h39m40.90s,-60d50m06.5s,1.34,,,-0.010,0.030,G,0.710,0.040,G,G2.0V,1.610,0.070,V-K
HIP 71908,HIP 71908,HD 128898,GJ 560 A,2MASS J14423039-6458305,1,1,1,0,0,0,0,14h42m30.69s,-64d58m28.5s,16.57,,,3.160,0.020,VT,0.260,0.010,G,APSREU(CR),12.530,0.060,V-K
HIP 71957,HIP 71957,HD 129502,GJ 9491,2MASS J14430363-0539291,1,1,0,0,1,0,0,14h43m03.56s,-05d39m26.7s,18.27,,,3.860,0.020,VT,0.390,0.010,G,F2V,8.020,0.060,V-K
HIP 72622,HIP 72622,HD 130841,GJ 564.1,2MASS J14505274-1602302,1,1,0,0,0,0,0,14h50m52.78s,-16d02m29.8s,23.24,,,2.750,0.000,G,0.150,0.010,G,A3III/V,36.160,0.050,V-K
HIP 72659 A,HIP 72659 A,HD 131156 A,GJ 566 A,2MASS J14512328+1906034 A,1,1,1,1,0,1,0,14h51m23.28s,+19d06m02.3s,6.78,0.07,-0.07,4.670,0.020,VT,0.720,0.020,G,G7.0V,0.650,0.060,V-K
HIP 72848,HIP 72848,HD 131511,GJ 567,2MASS J14532374+1909104,1,0,1,1,0,0,0,14h53m24.04s,+19d09m08.2s,11.51,0.12,-0.11,6.000,0.020,VT,0.840,0.010,G,K2V,0.540,0.100,B-V
HIP 73165,HIP 73165,HD 132052,GJ 9503,2MASS J14571101-0420473,1,1,0,0,0,0,0,14h57m11.06s,-04d20m45.9s,26.90,0.27,-0.27,4.460,0.020,VT,0.320,0.010,G,F2V,9.790,0.060,V-K
HIP 73184,HIP 73184,HD 131977,GJ 570 A,2MASS J14572788-2124526,1,1,1,1,1,1,0,14h57m27.35s,-21d24m40.6s,5.86,0.06,-0.06,5.720,0.010,G,1.020,0.020,G,K4.0V,0.290,0.100,V-K
HIP 73695 A,HIP 73695 A,HD 133640,GJ 575 A,2MASS J15034736+4739152 A,1,1,1,1,0,0,0,15h03m47.68s,+47d39m14.5s,12.51,0.26,-0.25,4.830,0.000,G,0.650,0.000,G,G2V+G2V,1.740,0.070,V-K
HD 134987,HIP 74500,HD 134987,GJ 579.4,2MASS J15132869-2518335,1,1,1,0,0,1,2,15h13m28.93s,-25d18m33.0s,26.21,0.53,-0.51,6.460,0.020,VT,0.710,0.020,BVT-G-Red,G5V,1.630,0.060,V-K
HD 136352,HIP 75181,HD 136352,GJ 582,2MASS J15214824-4819032,1,0,1,0,0,1,3,15h21m49.57s,-48d19m01.1s,14.81,0.15,-0.15,5.650,0.000,G,0.640,0.000,G,G3/5V,1.090,0.050,V-K
HIP 75312 A,HIP 75312 A,HD 137107,GJ 584 A,2MASS J15231232+3017162 A,1,0,0,1,0,0,0,15h23m12.23s,+30d17m17.7s,17.86,0.18,-0.18,5.580,0.020,VT,0.550,0.020,BVT-Red,G2V,1.640,0.110,B-V
HIP 76267,HIP 76267,HD 139006,GJ 9524,2MASS J15344125+2642529,1,1,0,0,0,0,0,15h34m41.19s,+26d42m53.7s,23.01,0.23,-0.23,2.210,0.000,VT,0.030,0.000,BVT-Blue,A0V,70.810,0.050,V-K
HIP 76829,HIP 76829,HD 139664,GJ 594,2MASS J15411138-4439401,1,1,0,0,0,0,0,15h41m11.52s,-44d39m38.0s,17.44,,,4.630,0.020,VT,0.410,0.010,G,F3/5V,3.580,0.060,V-K
HIP 77070,HIP 77070,HD 140573,GJ 596.2,2MASS J15441605+0625324,1,1,0,0,0,0,0,15h44m16.00s,+06d25m31.9s,22.68,,,2.610,0.020,VT,1.170,0.020,G,K2III,58.780,0.060,V-K
HIP 77257,HIP 77257,HD 141004,GJ 598,2MASS J15462661+0721109,1,1,1,1,1,1,0,15h46m26.75s,+07d21m11.7s,12.12,,,4.410,0.020,VT,0.600,0.010,G,G0Vvar,2.220,0.060,V-K
HIP 77622,HIP 77622,HD 141795,GJ 3921,2MASS J15504895+0428399,1,1,0,0,0,0,0,15h50m48.89s,+04d28m39.3s,21.60,,,3.710,0.010,G,0.150,0.010,G,Am(kA2hA5mA7V),12.880,0.100,B-V
HIP 77760,HIP 77760,HD 142373,GJ 602,2MASS J15524052+4227052,1,1,1,0,1,1,0,15h52m40.19s,+42d27m00.0s,15.89,,,4.600,0.020,VT,0.560,0.010,G,F9V,3.260,0.060,V-K
HIP 77952,HIP 77952,HD 141891,GJ 601 A,2MASS J15550857-6325507,1,1,1,0,0,0,0,15h55m08.81s,-63d25m47.1s,12.38,,,2.810,0.020,VT,0.320,0.000,G,F0III/IV,9.430,0.060,V-K
HIP 78072,HIP 78072,HD 142860,GJ 603,2MASS J15562720+1539413,1,1,1,1,1,1,0,15h56m26.99s,+15d39m53.0s,11.25,,,3.850,0.000,G,0.480,0.010,G,F6V,3.130,0.050,V-K
HIP 78527,HIP 78527,HD 144284,GJ 609.1,2MASS J16015340+5833544,1,1,0,0,0,0,0,16h01m53.70s,+58d33m52.0s,21.03,,,3.990,0.020,VT,0.530,0.010,G,F8IV-V,14.840,0.060,V-K
14 Her,HIP 79248,HD 145675,GJ 614,2MASS J16102432+4349037,1,1,1,0,0,1,1,16h10m24.21s,+43d49m06.1s,17.57,0.18,-0.17,6.610,0.020,VT,0.880,0.010,G,K0V,0.700,0.040,V-K
HIP 79672,HIP 79672,HD 146233,GJ 616,2MASS J16153726-0822096,1,0,1,0,0,1,0,16h15m37.13s,-08d22m05.7s,13.90,0.14,-0.14,5.500,0.020,VT,0.650,0.010,G,G5V,1.110,0.100,B-V
HIP 80331,HIP 80331,HD 148387,GJ 624.1 A,2MASS J16235949+6130509 A,1,1,0,0,0,0,0,16h23m59.51s,+61d30m50.7s,28.23,,,2.730,0.000,G,0.910,0.000,G,G8III,68.790,0.050,V-K
HD 147513,HIP 80337,HD 147513,GJ 620.1 A,2MASS J16240128-3911346,1,0,1,0,0,1,1,16h24m01.24s,-39d11m34.8s,12.78,,,5.370,0.020,VT,0.630,0.010,G,G3/5V,1.030,0.060,V-K
HIP 80686,HIP 80686,HD 147584,GJ 624,2MASS J16282814-7005037,1,1,1,0,0,0,0,16h28m27.80s,-70d05m04.8s,12.12,0.12,-0.12,4.900,0.010,G,0.560,0.020,G,G0V,1.410,0.100,B-V
HD 150706,HIP 80902,HD 150706,GJ 632,2MASS J16311760+7947232,1,1,0,0,0,1,1,16h31m17.27s,+79d47m24.0s,28.22,0.29,-0.28,7.020,0.020,VT,0.610,0.010,G,G0,1.110,0.050,V-K
HIP 81300,HIP 81300,HD 149661,GJ 631,2MASS J16362142-0219281,1,0,1,1,1,1,0,16h36m21.18s,-02d19m25.8s,9.75,,,5.760,0.020,VT,0.830,0.010,G,K1V,0.470,0.060,V-K
HIP 81693 A,HIP 81693 A,HD 150680,GJ 635 A,2MASS J16411728+3136093 A,1,1,1,0,0,0,0,16h41m17.48s,+31d36m06.8s,10.72,0.11,-0.11,2.810,0.010,G,0.650,0.010,G,F9IV,7.730,0.050,V-K
HIP 82396,HIP 82396,HD 151680,GJ 639.1,2MASS J16500982-3417355,1,1,0,0,0,0,0,16h50m10.24s,-34d17m33.4s,19.54,,,2.260,0.020,VT-G,1.180,0.020,BVT-G-Red,K2IIIB,61.070,0.060,V-K
HIP 82860,HIP 82860,HD 153597,GJ 648,2MASS J16560170+6508054,1,1,0,0,0,0,0,16h56m01.36s,+65d08m04.8s,15.26,0.15,-0.15,4.880,0.020,VT,0.480,0.010,G,F6Vvar,2.260,0.060,V-K
HIP 83000,HIP 83000,HD 153210,,2MASS J16574007+0922299,1,1,0,0,0,0,0,16h57m40.27s,+09d22m30.2s,28.04,0.28,-0.28,3.180,0.020,VT,1.160,0.020,BVT-G-Red,K2IIIvar,53.370,0.060,V-K
GJ 649,HIP 83043,,GJ 649,2MASS J16580884+2544392,1,0,1,0,0,1,1,16h58m08.92s,+25d44m43.4s,10.34,0.10,-0.10,9.660,0.010,Koen,1.480,0.010,Koen,M2,0.050,0.100,V-K
HD 154345,HIP 83389,HD 154345,GJ 651,2MASS J17023639+4704540,1,1,1,0,0,1,1,17h02m36.30s,+47d04m47.3s,18.59,0.19,-0.18,6.760,0.000,G,0.730,0.010,G,G8V,0.650,0.020,V-K
HIP 84012 A,HIP 84012 A,HD 155125,GJ 656.1 A,2MASS J17102267-1543298 A,1,1,0,0,0,0,0,17h10m22.66s,-15d43m30.5s,27.09,0.55,-0.53,2.430,0.010,G,0.060,0.010,G,A2.5VA,69.380,0.070,V-K
HIP 84143,HIP 84143,HD 155203,GJ 657,2MASS J17120920-4314212,1,1,0,0,0,0,0,17h12m09.18s,-43d14m18.6s,22.53,,,3.310,0.020,VT,0.420,0.020,BVT-Blue,F2V,20.170,0.060,V-K
HIP 84379,HIP 84379,HD 156164,GJ 3995 A,2MASS J17150190+2450212 A,1,1,0,0,0,0,0,17h15m01.92s,+24d50m22.5s,23.04,,,3.120,0.000,G,0.080,0.000,G,A3IVvSB,25.630,0.050,V-K
HIP 84405 B,HIP 84405 B,HD 155886,GJ 663 B,2MASS J17152095-2636064 B,1,1,1,1,0,0,0,17h15m21.29s,-26d36m00.2s,5.95,0.06,-0.06,4.330,0.010,G,0.860,0.010,G,K1.5V,0.690,0.100,V-K
HIP 84478,HIP 84478,HD 156026,GJ 664,2MASS J17161340-2632444,1,0,0,1,1,0,0,17h16m13.68s,-26d32m36.3s,5.95,0.06,-0.06,6.330,0.020,VT-G,1.160,0.020,BVT-G-Red,K5.0V,0.160,0.060,V-K
HIP 84709,HIP 84709,HD 156384,GJ 667 A,2MASS J17185698-3459236 A,1,0,1,0,0,0,0,17h18m56.36s,-34d59m22.5s,6.84,0.44,-0.39,6.260,0.020,VT-G,1.000,0.020,BVT-G-Red,M1.5V,0.130,0.170,V-K
HIP 84720 A,HIP 84720 A,HD 156274,GJ 666 A,2MASS J17190373-4638109,1,1,1,0,0,0,0,17h19m02.95s,-46d38m11.4s,8.80,0.09,-0.09,5.520,0.020,VT-G,0.790,0.020,BVT-G-Red,M0V,0.520,0.060,V-K
HIP 84862,HIP 84862,HD 157214,GJ 672,2MASS J17203955+3228056,1,0,1,0,1,1,0,17h20m39.47s,+32d28m13.0s,14.33,,,5.380,0.020,VT,0.620,0.000,G,G0V,1.300,0.060,V-K
HIP 84893,HIP 84893,HD 156897,GJ 670 A,2MASS J17210038-2106463 A,1,1,0,0,0,0,0,17h21m00.21s,-21d06m44.8s,17.36,,,4.390,0.020,VT-G,0.370,0.020,BVT-G-Blue,F2/3V,4.420,0.100,B-V
HIP 85340,HIP 85340,HD 157792,GJ 673.1,2MASS J17262221-2410308,1,1,0,0,0,0,0,17h26m22.22s,-24d10m30.1s,25.50,0.26,-0.25,4.150,0.020,VT,0.280,0.000,G,A3MF0(IV),11.620,0.100,B-V
GJ 676 A,HIP 85647,,GJ 676 A,2MASS J17301119-5138132,1,0,1,0,0,1,4,17h30m11.45s,-51d38m11.5s,16.45,0.51,-0.48,9.590,0.010,Koen,1.440,0.010,Koen,M0,0.110,0.080,V-K
HIP 85667 A,HIP 85667 A,HD 158614 A,GJ 678 A,2MASS J17302380-0103459 A,1,0,1,1,0,0,0,17h30m23.87s,-01d03m45.0s,16.34,0.17,-0.16,5.310,0.010,G,0.720,0.010,G,G6V,1.900,0.110,B-V
HIP 86032,HIP 86032,HD 159561,GJ 681,2MASS J17345606+1233361,1,1,1,0,0,0,0,17h34m56.00s,+12d33m38.1s,14.90,0.30,-0.29,2.080,0.000,G,0.160,0.000,G,A5III,26.870,0.040,V-K
HIP 86201,HIP 86201,HD 160922,GJ 4017,2MASS J17365709+6845282,1,1,0,0,0,0,0,17h36m57.09s,+68d45m25.9s,23.16,,,4.770,0.020,VT,0.430,0.010,G,F5V,5.610,0.100,B-V
HIP 86486,HIP 86486,HD 160032,GJ 686.2,2MASS J17402381-4924560,1,1,0,0,0,0,0,17h40m23.73s,-49d24m54.6s,21.45,0.22,-0.21,4.750,0.020,VT,0.400,0.020,BVT-G-Blue,F2V,4.860,0.110,B-V
HIP 86614,HIP 86614,HD 162003,GJ 694.1 A,2MASS J17415635+7208561,1,1,0,0,0,0,0,17h41m56.31s,+72d08m58.2s,22.84,0.23,-0.23,4.550,0.020,VT,0.430,0.020,BVT-Blue,F5IV-V,6.720,0.070,V-K
HIP 86736,HIP 86736,HD 160915,GJ 692,2MASS J17432580-2140593,1,1,0,0,1,0,0,17h43m25.85s,-21d40m59.1s,17.65,,,4.860,0.020,VT,0.470,0.020,G,F6/7V,3.020,0.100,B-V
HIP 86742,HIP 86742,HD 161096,,2MASS J17432835+0434022,1,1,0,0,0,0,0,17h43m28.38s,+04d34m00.9s,25.09,,,2.750,0.020,VT,1.190,0.020,BVT-G-Red,K2III,63.860,0.060,V-K
HD 160691,HIP 86796,HD 160691,GJ 691,2MASS J17440870-5150027,1,1,1,0,0,1,4,17h44m08.72s,-51d50m00.9s,15.51,,,5.120,0.020,VT,0.690,0.020,G,G3IV/V,2.010,0.100,B-V
HIP 86974,HIP 86974,HD 161797,GJ 695 A,2MASS J17462752+2743142,1,1,1,1,0,1,0,17h46m27.72s,+27d43m21.0s,8.31,,,3.410,0.020,VT,0.750,0.020,G,G5IV,2.780,0.060,V-K
HIP 88175,HIP 88175,HD 164259,GJ 699.2,2MASS J18002899-0341250,1,1,0,0,1,0,0,18h00m28.92s,-03d41m24.6s,23.55,0.24,-0.23,4.620,0.020,VT-G,0.370,0.020,BVT-G-Blue,F2IV,6.610,0.060,V-K
HIP 88601 A,HIP 88601 A,HD 165341,GJ 702 A,2MASS J18052735+0229585 A,1,1,1,1,0,0,0,18h05m27.21s,+02d30m08.8s,5.10,0.05,-0.05,4.030,0.010,G,0.860,0.010,G,K0V,0.680,0.050,V-K
HIP 88635,HIP 88635,HD 165135,,2MASS J18054848-3025265,1,1,0,0,0,0,0,18h05m48.52s,-30d25m25.1s,29.70,0.30,-0.29,2.950,0.020,VT-G,1.020,0.020,BVT-G-Red,K0III,66.220,0.060,V-K
HIP 88745 A,HIP 88745 A,HD 165908,GJ 704 A,2MASS J18070158+3033434 A,1,0,1,0,0,0,0,18h07m01.61s,+30d33m42.7s,15.64,0.16,-0.15,5.070,0.020,VT,0.500,0.020,BVT-Red,F7V,2.050,0.060,V-K
HIP 88771,HIP 88771,HD 165777,GJ 9615 A,2MASS J18072099+0933497,1,1,0,0,0,0,0,18h07m21.02s,+09d33m49.2s,26.63,0.27,-0.26,3.700,0.020,VT,0.140,0.020,BVT-Blue,A4IVs,20.100,0.060,V-K
HIP 88972,HIP 88972,HD 166620,GJ 706,2MASS J18093745+3827288,1,0,0,1,0,0,0,18h09m37.65s,+38d27m32.1s,11.02,,,6.380,0.020,VT,0.880,0.010,G,K2V,0.360,0.040,V-K
HIP 89042,HIP 89042,HD 165499,GJ 705.1,2MASS J18102614-6200078,1,0,0,1,0,0,0,18h10m26.26s,-62d00m10.0s,17.61,0.18,-0.17,5.470,0.000,G,0.590,0.010,G,G1V,1.780,0.060,V-K
HIP 89937,HIP 89937,HD 170153,GJ 713 A,2MASS J18210342+7243582 A,1,1,0,1,0,0,0,18h21m02.34s,+72d44m01.3s,8.06,0.08,-0.08,3.560,0.020,VT,0.490,0.010,G,F7Vvar,2.140,0.110,V-K
HIP 89962,HIP 89962,HD 168723,GJ 711,2MASS J18211862-0253554,1,1,0,0,0,1,0,18h21m18.92s,-02d53m49.6s,18.54,,,3.230,0.020,VT,0.940,0.010,G,K0III-IV,19.560,0.040,V-K
HIP 90496,HIP 90496,HD 169916,GJ 713.1,2MASS J18275824-2525175,1,1,0,0,0,0,0,18h27m58.27s,-25d25m16.5s,23.97,,,2.810,0.020,VT-G,1.060,0.020,BVT-G-Red,K1IIIB,52.220,0.060,V-K
HIP 91262,HIP 91262,HD 172167,GJ 721,2MASS J18365633+3847012,1,1,1,0,1,0,0,18h36m56.19s,+38d46m58.8s,7.68,,,0.030,0.000,G,0.000,0.010,G,A0Vvar,61.000,0.050,V-K
HIP 91438,HIP 91438,HD 172051,GJ 722,2MASS J18385342-2103065,1,0,1,0,0,1,0,18h38m53.45s,-21d03m05.4s,13.08,0.13,-0.13,5.860,0.020,VT,0.670,0.000,G,G5V,0.710,0.100,B-V
HIP 92043,HIP 92043,HD 173667,GJ 725.2,2MASS J18453972+2032466,1,1,0,0,1,1,0,18h45m39.73s,+20d32m49.6s,19.21,,,4.190,0.020,VT,0.470,0.020,BVT-Blue,F6V,6.720,0.100,V-K
HIP 92161,HIP 92161,HD 173880,,2MASS J18470124+1810531,1,1,0,0,0,0,0,18h47m01.22s,+18d10m52.4s,28.89,0.29,-0.29,4.340,0.020,VT,0.130,0.020,BVT-Blue,A5III,13.580,0.070,V-K
HD 176051,HIP 93017 A,HD 176051,GJ 738 A,2MASS J18570156+3254050 A,1,0,1,0,0,0,0,18h57m01.47s,+32d54m05.8s,14.87,0.15,-0.15,5.280,0.020,VT,0.550,0.020,BVT-Red,G0V,1.500,0.100,B-V
HIP 93506 A,HIP 93506 A,HD 176687 A,,2MASS J19023670-2952484 A,1,1,0,0,0,0,0,19h02m36.72s,-29d52m48.4s,27.04,0.55,-0.53,2.600,0.010,G,0.060,0.020,G,A3IV,58.040,0.120,V-K
HIP 93747,HIP 93747,HD 177724,GJ 4095 A,2MASS J19052461+1351486,1,1,0,0,0,0,0,19h05m24.61s,+13d51m49.4s,25.46,,,2.990,0.000,G,0.010,0.000,G,A0Vn,40.340,0.050,V-K
HIP 93825 A,HIP 93825 A,HD 177474,GJ 743.1 A,2MASS J19062517-3703485 A,1,1,0,0,0,0,0,19h06m25.04s,-37d03m45.9s,17.30,0.17,-0.17,4.230,0.010,G,0.520,0.010,G,F8/G0V,5.300,0.060,V-K
HIP 94376,HIP 94376,HD 180711,,2MASS J19123328+6739415,1,1,0,0,0,0,0,19h12m33.15s,+67d39m40.7s,29.87,,,3.050,0.020,VT-G,1.000,0.020,BVT-G-Red,G9III,59.590,0.060,V-K
HIP 95447,HIP 95447,HD 182572,GJ 759,2MASS J19245822+1156401,1,0,1,0,0,1,0,19h24m57.77s,+11d56m34.3s,15.18,,,5.160,0.020,VT,0.760,0.020,BVT-G-Red,G8IVvar,1.840,0.060,V-K
HD 181433,HIP 95467,HD 181433,GJ 756.1,2MASS J19250951-6628075,1,0,1,0,0,1,3,19h25m09.90s,-66d28m09.7s,26.76,0.83,-0.78,8.390,0.020,VT-G,1.030,0.020,BVT-G-Red,K2IV/V,0.360,0.100,V-K
HIP 95501,HIP 95501,HD 182640,GJ 760,2MASS J19252990+0306532,1,1,1,0,0,0,0,19h25m29.75s,+03d06m52.5s,15.53,0.32,-0.30,3.360,0.000,G,0.320,0.000,G,F2IV,9.010,0.060,V-K
HIP 96100,HIP 96100,HD 185144,GJ 764,2MASS J19322153+6939413,1,1,1,1,1,1,0,19h32m20.59s,+69d39m55.4s,5.75,0.06,-0.06,4.670,0.020,VT,0.790,0.010,G,G9.0V,0.440,0.060,V-K
HIP 96441,HIP 96441,HD 185395,GJ 765 A,2MASS J19362654+5013155 A,1,1,0,0,1,1,0,19h36m26.54s,+50d13m13.7s,18.34,,,4.490,0.010,G,0.400,0.020,G,F4V,4.510,0.050,V-K
HIP 96895,HIP 96895,HD 186408,GJ 765.1 A,2MASS J19414896+5031305,1,0,1,0,0,1,0,19h41m49.09s,+50d31m31.6s,21.08,0.21,-0.21,5.920,0.020,VT,0.640,0.010,G,G2V,1.700,0.040,V-K
HIP 97649,HIP 97649,HD 187642,GJ 768,2MASS J19504698+0852060,1,1,1,0,1,0,0,19h50m46.68s,+08d52m02.6s,5.12,0.05,-0.05,0.760,0.010,G,0.220,0.010,G,A7IV-V,10.650,0.050,V-K
HIP 98036,HIP 98036,HD 188512,GJ 771 A,2MASS J19551878+0624238 A,1,1,1,0,0,1,0,19h55m18.77s,+06d24m28.6s,13.70,,,3.710,0.020,VT,0.860,0.010,G,G8IVvar,6.290,0.060,V-K
HD 190360,HIP 98767,HD 190360,GJ 775,2MASS J20033732+2953493,1,1,1,0,0,1,2,20h03m36.95s,+29d53m53.1s,15.86,0.16,-0.16,5.730,0.020,VT,0.750,0.000,G,G6IV+...,1.200,0.060,V-K
HIP 99240,HIP 99240,HD 190248,GJ 780,2MASS J20084376-6610563,1,1,1,1,0,0,0,20h08m41.86s,-66d10m45.6s,6.11,0.06,-0.06,3.530,0.020,VT-G,0.760,0.020,BVT-G-Red,G8.0IV,1.330,0.060,V-K
HIP 99461,HIP 99461,HD 191408,GJ 783 A,2MASS J20111207-3606063 A,1,1,1,1,0,1,0,20h11m11.61s,-36d05m50.6s,6.01,0.06,-0.06,5.320,0.020,VT-G,0.860,0.020,BVT-G-Red,K2.5V,0.280,0.100,B-V
HD 192310,HIP 99825,HD 192310,GJ 785,2MASS J20151734-2701585,1,0,1,0,1,1,2,20h15m16.58s,-27d01m57.1s,8.91,,,5.720,0.020,VT-G,0.910,0.020,BVT-G-Red,K3V,0.420,0.060,V-K
HIP 100017,HIP 100017,HD 193664,GJ 788,2MASS J20173128+6651130,1,0,0,1,0,0,0,20h17m30.63s,+66d51m10.7s,17.57,,,5.920,0.020,VT,0.590,0.020,BVT-Red,G3V,1.180,0.100,B-V
HIP 102333,HIP 102333,HD 197157,GJ 4158,2MASS J20440233-5155155,1,1,0,0,0,0,0,20h44m02.19s,-51d55m15.0s,24.17,0.24,-0.24,4.500,0.020,VT,0.280,0.000,G,A7III/IV,7.610,0.100,B-V
HIP 102422,HIP 102422,HD 198149,GJ 807,2MASS J20451737+6150199,1,1,1,0,0,0,0,20h45m17.27s,+61d50m12.5s,14.27,,,3.410,0.020,VT,0.910,0.000,G,K0IV,9.370,0.060,V-K
HIP 102431,HIP 102431,HD 198084,GJ 9706,2MASS J20452110+5734469,1,1,0,0,0,0,0,20h45m21.20s,+57d34m49.1s,27.29,0.28,-0.27,4.520,0.000,G,0.540,0.010,G,F8IV-V,10.110,0.110,B-V
HIP 102485,HIP 102485,HD 197692,GJ 805,2MASS J20460572-2516153,1,1,1,0,1,0,0,20h46m05.77s,-25d16m13.9s,14.68,,,4.130,0.000,G,0.430,0.010,G,F5V,4.060,0.100,B-V
HIP 102488,HIP 102488,HD 197989,GJ 806.1 A,2MASS J20461266+3358128,1,1,0,0,0,0,0,20h46m12.43s,+33d58m10.0s,22.29,,,2.450,0.020,VT,1.020,0.020,G,K0III,60.040,0.060,V-K
HIP 104214,HIP 104214,HD 201091,GJ 820 A,2MASS J21065341+3844529,1,1,1,1,1,1,0,21h06m50.84s,+38d44m29.4s,3.50,,,5.200,0.010,G,1.070,0.020,G,K5.0V,0.130,0.100,B-V
HIP 104217,HIP 104217,HD 201092,GJ 820 B,2MASS J21065473+3844265,1,0,1,0,1,1,0,21h06m52.19s,+38d44m03.9s,3.50,,,5.950,0.020,VT,1.300,0.020,BVT-Red,K7.0V,0.100,0.100,B-V
HIP 104239 A,HIP 104239 A,HD 200968,GJ 819 A,2MASS J21071037-1355224,1,0,0,1,0,0,0,21h07m10.15s,-13d55m22.1s,17.57,0.18,-0.17,7.190,0.020,VT,0.900,0.010,G,K1V,0.440,0.110,B-V
HIP 104858 A,HIP 104858 A,HD 202275 A,GJ 822 A,2MASS J21142881+1000249 A,1,1,0,0,0,0,0,21h14m28.79s,+10d00m27.8s,18.49,0.19,-0.18,4.470,0.010,G,0.530,0.020,G,F5V+...,4.790,0.060,V-K
HIP 104887 A,HIP 104887 A,HD 202444,GJ 822.1 A,2MASS J21144746+3802429 A,1,1,0,0,0,0,0,21h14m47.35s,+38d02m39.6s,20.34,0.21,-0.20,3.740,0.000,G,0.390,0.000,G,F1IV,11.130,0.050,V-K
HIP 105090,HIP 105090,HD 202560,GJ 825,2MASS J21171534-3852022,1,0,0,1,0,0,0,21h17m17.71s,-38d51m52.5s,3.95,,,6.690,0.000,G,1.400,0.000,G,K9.0V,0.080,0.100,B-V
HIP 105199,HIP 105199,HD 203280,GJ 826,2MASS J21183475+6235081,1,1,1,0,1,0,0,21h18m34.58s,+62d35m07.6s,15.04,,,2.430,0.020,VT,0.240,0.020,BVT-Blue,A7IV-V,19.930,0.060,V-K
HIP 105312 A,HIP 105312 A,HD 202940,GJ 825.4 A,2MASS J21194564-2621100 A,1,0,0,1,0,0,0,21h19m46.00s,-26d21m07.2s,17.97,0.18,-0.18,6.560,0.010,G,0.740,0.020,G,G5V,0.780,0.040,V-K
HIP 105858,HIP 105858,HD 203608,GJ 827,2MASS J21262662-6521578,1,1,1,1,0,0,0,21h26m26.49s,-65d22m05.3s,9.26,,,4.220,0.020,VT-G,0.470,0.020,BVT-G-Red,F7V,1.540,0.060,V-K
HD 204941,HIP 106353,HD 204941,,2MASS J21322353-2057264,1,0,1,0,0,1,1,21h32m23.68s,-20d57m25.6s,26.90,0.83,-0.78,8.450,0.000,G,0.880,0.000,G,K1/2V,0.320,0.070,V-K
GJ 832,HIP 106440,HD 204961,GJ 832,2MASS J21333397-4900323,1,1,1,0,0,1,2,21h33m34.02s,-49d00m25.3s,4.95,,,8.670,0.010,Koen,1.500,0.010,Koen,M1.5V,0.030,0.090,V-K
HIP 107089,HIP 107089,HD 205478,GJ 835.1,2MASS J21412863-7723243,1,1,0,0,0,0,0,21h41m28.47s,-77d23m22.1s,21.20,0.88,-0.82,3.730,0.020,VT,1.020,0.020,BVT-Red,K0III,17.910,0.150,B-V
HIP 107310 A,HIP 107310 A,HD 206826,GJ 836.6 A,2MASS J21440853+2844336 A,1,1,0,0,0,0,0,21h44m08.40s,+28d44m35.6s,22.24,0.22,-0.22,4.690,0.020,VT,0.450,0.020,BVT-Blue,F6V,5.780,0.060,V-K
HIP 107556,HIP 107556,HD 207098,GJ 837,2MASS J21470244-1607382,1,1,1,0,0,0,0,21h47m02.29s,-16d07m35.6s,11.87,,,2.850,0.020,VT-G,0.300,0.020,BVT-G-Blue,A5mF2 (IV),8.380,0.060,V-K
HIP 107649,HIP 107649,HD 207129,GJ 838,2MASS J21481574-4718129,1,0,1,0,0,0,0,21h48m15.61s,-47d18m10.4s,15.99,0.16,-0.16,5.570,0.020,VT,0.600,0.000,G,G0V,1.350,0.060,V-K
eps Ind A,HIP 108870,HD 209100,GJ 845,2MASS J22032156-5647093,1,1,1,1,0,0,1,22h03m17.44s,-56d46m47.3s,3.62,,,4.690,0.010,G,1.060,0.020,G,K4V,0.230,0.100,B-V
HIP 108917 A,HIP 108917 A,HD 209790,,2MASS J22034716+6437407,1,1,0,0,0,0,0,22h03m47.16s,+64d37m39.9s,29.59,0.92,-0.86,4.400,0.020,VT,0.340,0.020,BVT-Blue,Am,12.570,0.130,B-V
HIP 109176,HIP 109176,HD 210027,GJ 848,2MASS J22070067+2520424,1,1,1,0,0,0,0,22h07m00.47s,+25d20m42.2s,11.73,0.12,-0.12,3.770,0.000,G,0.440,0.010,G,F5V,3.630,0.050,V-K
GJ 849,HIP 109388,,GJ 849,2MASS J22094029-0438267,1,0,1,0,0,1,1,22h09m39.68s,-04d38m26.5s,9.10,0.19,-0.18,10.370,0.010,Koen,1.500,0.010,Koen,M3,0.030,0.100,V-K
HIP 109427,HIP 109427,HD 210418,GJ 9771,2MASS J22101198+0611522,1,1,0,0,1,0,0,22h10m11.82s,+06d11m52.0s,28.30,0.58,-0.55,3.520,0.000,G,0.090,0.000,G,A2V,27.660,0.070,V-K
HIP 109857,HIP 109857,HD 211336,GJ 4266,2MASS J22150213+5702367,1,1,0,0,0,0,0,22h15m01.68s,+57d02m36.5s,26.20,0.81,-0.76,4.170,0.020,VT,0.280,0.010,G,F0IV,12.040,0.120,B-V
HIP 110109,HIP 110109,HD 211415,GJ 853 A,2MASS J22181562-5337372 A,1,0,1,0,0,0,0,22h18m15.18s,-53d37m31.9s,13.79,,,5.360,0.010,G,0.610,0.020,G,G3V,1.230,0.060,V-K
HIP 116771,HIP 116771,HD 222368,GJ 904,2MASS J23395706+0537343,1,1,1,0,1,1,0,23h39m56.82s,+05d37m38.5s,13.71,,,4.130,0.000,G,0.510,0.010,G,F7V,3.700,0.100,V-K
HIP 117712,HIP 117712,HD 223778,GJ 909 A,2MASS J23522534+7532403 A,1,0,0,1,0,0,0,23h52m24.52s,+75d32m40.2s,10.89,,,6.380,0.020,VT,0.980,0.010,G,K3V,0.390,0.100,B-V
HIP 6537,HIP 6537,HD 8512,,2MASS J01240142-0810596,0,1,0,0,0,0,0,01h24m01.40s,-08d10m59.7s,35.11,0.92,-0.98,3.590,,,1.060,,,K0 III,,,
HIP 6686,HIP 6686,HD 8538,GJ 58.1,2MASS J01254889+6014070,0,1,0,0,0,0,0,01h25m48.95s,+60d14m07.0s,30.48,0.56,-0.59,2.680,,,0.130,,,A5 IV,,,
HIP 10670,HIP 10670,HD 14055,,2MASS J02171888+3350500,0,1,0,0,0,0,0,02h17m18.87s,+33d50m49.9s,36.06,1.06,-1.13,4.010,,,0.020,,,A0,,,
HIP 14668,HIP 14668,HD 19476,,2MASS J03092976+4451271,0,1,0,0,0,0,0,03h09m29.77s,+44d51m27.2s,34.42,0.76,-0.80,3.810,,,0.980,,,K0,,,
HIP 18907,HIP 18907,HD 25490,,2MASS J04030936+0559214,0,1,0,0,0,0,0,04h03m09.38s,+05d59m21.5s,39.62,1.32,-1.41,3.910,,,0.030,,,A0.5 Va,,,
HIP 19747,HIP 19747,HD 26967,,2MASS J04140010-4217396,0,1,0,0,0,0,0,04h14m00.11s,-42d17m39.7s,35.91,0.65,-0.67,3.860,,,1.100,,,K2 III,,,
HIP 27654,HIP 27654,HD 39364,,2MASS J05511928-2052440,0,1,0,0,0,0,0,05h51m19.30s,-20d52m44.7s,34.42,0.72,-0.75,3.850,,,0.980,,,G8 III/IV,,,
HIP 35350,HIP 35350,HD 56537,GJ 9231 A,2MASS J07180560+1632255,0,1,0,0,0,0,0,07h18m05.58s,+16d32m25.4s,28.91,0.76,-0.80,3.580,,,0.120,,,A2,,,
HIP 36046,HIP 36046,HD 58207,,2MASS J07254359+2747529,0,1,0,0,0,0,0,07h25m43.60s,+27d47m53.1s,38.61,1.31,-1.41,3.790,,,1.040,,,K0,,,
HIP 41312,HIP 41312,HD 71878,GJ 3499,2MASS J08254423-6608127,0,1,0,0,0,0,0,08h25m44.19s,-66d08m12.8s,33.10,0.49,-0.50,3.770,,,1.130,,,K1 III,,,
HIP 45238,HIP 45238,HD 80007,GJ 339.2,2MASS J09131197-6943017,0,1,0,0,0,0,0,09h13m11.98s,-69d43m02.0s,34.08,0.54,-0.56,1.680,,,0.000,,,A1 III,,,
HIP 48319,HIP 48319,HD 84999,,2MASS J09505935+5902192,0,1,0,0,0,0,0,09h50m59.36s,+59d02m19.4s,35.27,0.81,-0.85,3.810,,,0.290,,,F0,,,
HIP 50191,HIP 50191,HD 88955,,2MASS J10144416-4207189,0,1,0,0,0,0,0,10h14m44.15s,-42d07m19.0s,31.53,0.54,-0.56,3.850,,,0.050,,,A1 V,,,
HIP 52727 A,HIP 52727 A,HD 93497,,2MASS J10464619-4925128 A,0,1,0,0,0,0,0,10h46m46.18s,-49d25m12.9s,35.49,0.61,-0.63,2.690,,,0.900,,,G5 IIIA,,,
HIP 63125,HIP 63125,HD 112413,,2MASS J12560168+3819059,0,1,0,0,0,0,0,12h56m01.67s,+38d19m06.2s,33.78,1.15,-1.23,2.890,,,-0.120,,,A0 II-IIIp SiEuCr,,,
HIP 63608,HIP 63608,HD 113226,,2MASS J13021059+1057329,0,1,0,0,0,0,0,13h02m10.60s,+10d57m32.9s,31.35,0.83,-0.88,2.840,,,0.940,,,G8 III,,,
HIP 67301,HIP 67301,HD 120315,,2MASS J13473244+4918477,0,1,0,0,0,0,0,13h47m32.44s,+49d18m47.8s,30.87,0.69,-0.72,1.860,,,-0.190,,,B3+ V,,,
HIP 68895,HIP 68895,HD 123123,GJ 538.1,2MASS J14062229-2640565,0,1,0,0,0,0,0,14h06m22.30s,-26d40m56.5s,31.08,0.73,-0.76,3.280,,,1.120,,,K2 IIIb,,,
HIP 69732,HIP 69732,HD 125162,GJ 3837,2MASS J14162308+4605177,0,1,0,0,0,0,0,14h16m23.02s,+46d05m17.9s,29.78,0.53,-0.55,4.180,,,0.080,,,A3 Va {lambda} Boo...,,,
HIP 74395,HIP 74395,HD 134505,GJ 9512 A,2MASS J15121710-5205572,0,1,0,0,0,0,0,15h12m17.09s,-52d05m57.3s,35.64,0.88,-0.93,3.410,,,0.920,,,G8 III,,,
HIP 74824,HIP 74824,HD 135379,GJ 580.1,2MASS J15173088-5848043,0,1,0,0,0,0,0,15h17m30.85s,-58d48m04.4s,29.63,0.64,-0.67,4.070,,,0.090,,,A2/3 IV/V,,,
iot Dra,HIP 75458,HD 137759,,2MASS J15245578+5857577,0,1,0,0,0,1,1,15h24m55.77s,+58d57m57.8s,31.67,0.30,-0.30,3.290,,,1.160,,,K2 III,,,
HIP 75695,HIP 75695,HD 137909,,2MASS J15274972+2906202,0,1,0,0,0,0,0,15h27m49.73s,+29d06m20.5s,34.97,0.82,-0.86,3.680,,,0.290,,,A8 V: SrCrEu,,,
HIP 79882,HIP 79882,HD 146791,GJ 3949,2MASS J16181928-0441327,0,1,0,0,0,0,0,16h18m19.29s,-04d41m33.0s,32.96,0.84,-0.88,3.230,,,0.980,,,G9.5 IIIb,,,
HIP 81833,HIP 81833,HD 150997,GJ 636,2MASS J16425376+3855202,0,1,0,0,0,0,0,16h42m53.76s,+38d55m20.1s,34.35,0.60,-0.62,3.500,,,0.920,,,G7.5 IIIb Fe-1,,,
HIP 87108,HIP 87108,HD 161868,,2MASS J17475355+0242262,0,1,0,0,0,0,0,17h47m53.56s,+02d42m26.2s,29.05,0.81,-0.86,3.750,,,0.040,,,A1 Vn kA0mA0,,,
HIP 87585,HIP 87585,HD 163588,,2MASS J17533173+5652216,0,1,0,0,0,0,0,17h53m31.73s,+56d52m21.5s,34.18,0.56,-0.58,3.750,,,1.180,,,K2 III,,,
HIP 90139,HIP 90139,HD 169414,,2MASS J18234188+2146108,0,1,0,0,0,0,0,18h23m41.89s,+21d46m11.1s,39.37,0.98,-1.03,3.840,,,1.180,,,K0,,,
HIP 98495,HIP 98495,HD 188228,,2MASS J20003558-7254380,0,1,0,0,0,0,0,20h00m35.55s,-72d54m37.8s,32.54,0.57,-0.59,3.960,,,-0.030,,,A0 Va,,,
HIP 109268,HIP 109268,HD 209952,GJ 848.2,2MASS J22081397-4657393,0,1,0,0,0,0,0,22h08m13.98s,-46d57m39.5s,31.09,0.77,-0.81,1.740,,,-0.130,,,B7 IV,,,
HIP 111169,HIP 111169,HD 213558,,2MASS J22311751+5016571,0,1,0,0,0,0,0,22h31m17.50s,+50d16m57.0s,31.39,0.52,-0.54,3.770,,,0.010,,,A0,,,
HIP 112724,HIP 112724,HD 216228,,2MASS J22494081+6612013,0,1,0,0,0,0,0,22h49m40.82s,+66d12m01.5s,35.37,0.64,-0.66,3.530,,,1.050,,,K0 III,,,
HIP 112748,HIP 112748,HD 216131,GJ 4298,2MASS J22500017+2436056,0,1,0,0,0,0,0,22h50m00.19s,+24d36m05.7s,35.78,0.96,-1.01,3.480,,,0.940,,,G8 III,,,
HIP 113638,HIP 113638,HD 217364,,2MASS J23005281-5245150,0,1,0,0,0,0,0,23h00m52.81s,-52d45m14.9s,34.49,1.49,-1.63,4.120,,,0.980,,,G8/K0 III,,,
HIP 118268,HIP 118268,HD 224617,,2MASS J23591867+0651478,0,1,0,0,0,0,0,23h59m18.69s,+06d51m48.0s,32.49,0.89,-0.94,4.010,,,0.420,,,F5,,,
HD 7449,HIP 5806,HD 7449,,2MASS J01142933-0502504,0,1,0,0,0,1,1,01h14m29.32s,-05d02m50.6s,38.71,0.06,-0.06,7.483,0.011,,0.594,0.019,,G0 V,,,
HD 106515 A,HIP 59743 A,HD 106515 A,GJ 9398 A,2MASS J12150658-0715263,0,1,0,0,0,1,1,12h15m06.57s,-07d15m26.4s,34.12,0.08,-0.08,7.972,0.014,,0.821,0.025,,G5,1.230,,
HD 196067,HIP 102125,HD 196067,,2MASS J20414409-7521029,0,1,0,0,0,1,1,20h41m44.09s,-75d21m02.9s,39.98,0.05,-0.05,6.030,,,0.620,,,G1 V,3.730,,
GJ 317,,,GJ 317,2MASS J08405923-2327232,0,0,1,0,0,1,2,08h40m59.22s,-23d27m22.6s,15.10,0.22,-0.22,11.970,0.014,,1.500,0.044,,M2.5 V,,,
HD 13931,HIP 10626,HD 13931,,2MASS J02164736+4346230,0,0,1,0,0,1,1,02h16m47.38s,+43d46m22.8s,47.46,0.14,-0.14,7.597,0.011,,0.642,0.019,,G0,,,
HD 38529,HIP 27253,HD 38529,,2MASS J05463492+0110053,0,0,1,0,0,1,2,05h46m34.91s,+01d10m05.5s,42.41,0.11,-0.11,5.950,,,0.780,,,G4 IV,,,
HD 72659,HIP 42030,HD 72659,,2MASS J08340320-0134056,0,0,1,0,0,1,1,08h34m03.19s,-01d34m05.6s,51.97,0.14,-0.14,7.460,,,0.612,,,G2 V,,,
HD 89307,HIP 50473,HD 89307,,2MASS J10182131+1237160,0,0,1,0,0,1,1,10h18m21.29s,+12d37m16.0s,32.04,0.05,-0.05,7.009,0.011,,0.590,0.020,,G0,,,
HD 117207,HIP 65808,HD 117207,,2MASS J13292114-3534154,0,0,1,0,0,1,1,13h29m21.11s,-35d34m15.6s,32.38,0.05,-0.05,7.240,,,0.727,0.014,,G8 IV/V,,,
HD 142022 A,HIP 79242,HD 142022 A,GJ 606.1 A,2MASS J16101494-8413536,0,0,1,0,0,1,1,16h10m15.02s,-84d13m53.8s,34.31,0.03,-0.03,7.700,,,0.790,,,K0,,,
HD 169830,HIP 90485,HD 169830,,2MASS J18274949-2949007,0,0,1,0,0,1,2,18h27m49.48s,-29d49m00.7s,37.64,0.15,-0.15,5.902,0.010,,0.505,0.017,,F8 V,4.590,,
HD 187123,HIP 97336,HD 187123,,2MASS J19465809+3425105,0,0,1,0,0,1,2,19h46m58.11s,+34d25m10.3s,46.02,0.07,-0.07,7.832,0.011,,0.656,0.019,,G3 V,1.350,,
HD 220773,HIP 115697,HD 220773,,2MASS J23262744+0838376,0,0,1,0,0,1,1,23h26m27.44s,+08d38m37.8s,49.00,,,7.093,,,0.632,,,F9,,,
HD 222155,HIP 116616,HD 222155,,2MASS J23380027+4859475,0,0,1,0,0,1,1,23h38m00.31s,+48d59m47.5s,50.68,0.08,-0.08,7.114,0.010,,0.645,0.018,,G2 V,,,
HIP 110960 A,HIP 110960 A,HD 213052,,2MASS J22284987-0001124 A,1,1,0,0,0,0,0,22h28m49.80s,-00d01m12.2s,28.17,1.17,-1.08,3.650,0.010,G,0.410,0.020,G,F3III-IV,23.180,0.130,V-K
HIP 112447,HIP 112447,HD 215648,GJ 872 A,2MASS J22464156+1210228,1,1,1,0,1,1,0,22h46m41.44s,+12d10m26.7s,16.30,,,4.200,0.000,G,0.500,0.010,G,F7V,4.860,0.100,V-K
HD 216437,HIP 113137,HD 216437,,2MASS J22543949-7004254,1,0,1,0,0,1,1,22h54m39.56s,-70d04m26.0s,26.75,0.27,-0.26,6.040,0.000,G,0.660,0.000,G,G2/3IV,2.440,0.050,V-K
51 Peg,HIP 113357,HD 217014,GJ 882,2MASS J22572795+2046077,1,0,1,0,0,1,1,22h57m27.85s,+20d46m07.3s,15.61,0.16,-0.15,5.450,0.020,VT,0.670,0.010,G,G5V,1.450,0.040,V-K
Fomalhaut,HIP 113368,HD 216956,GJ 881,2MASS J22573901-2937193,1,1,1,0,1,0,0,22h57m38.83s,-29d37m18.6s,7.70,,,1.230,0.010,VT,0.140,0.010,BVT-Blue,A3V,16.470,0.040,V-K
HD 217107,HIP 113421,HD 217107,,2MASS J22581556-0223432,1,1,1,0,0,1,2,22h58m15.54s,-02d23m43.2s,19.86,0.20,-0.20,6.160,0.020,VT,0.740,0.010,G,G8IV/V,1.240,0.040,V-K
HIP 113576,HIP 113576,HD 217357,GJ 884,2MASS J23001607-2231276,1,0,0,1,0,0,0,23h00m16.69s,-22d31m28.2s,8.22,0.08,-0.08,7.870,0.010,Koen,1.380,0.010,Koen,K5/M0V,0.100,0.030,V-K
HIP 114570,HIP 114570,HD 219080,GJ 891.1,2MASS J23123299+4924222,1,1,0,0,0,0,0,23h12m32.92s,+49d24m21.5s,24.59,0.25,-0.24,4.520,0.020,VT,0.300,0.010,G,F0V,7.720,0.060,V-K
HD 219134,HIP 114622,HD 219134,GJ 892,2MASS J23131692+5710059,1,1,1,1,1,1,6,23h13m14.74s,+57d10m03.5s,6.54,0.07,-0.06,5.570,0.000,G,1.000,0.000,G,K3.0V,0.310,0.100,B-V
HD 219077,HIP 114699,HD 219077,,2MASS J23140661-6242002,1,1,0,0,0,1,1,23h14m05.98s,-62d41m56.3s,29.35,0.30,-0.29,6.120,0.020,VT,0.780,0.020,BVT-Red,G8V,3.030,0.110,B-V
HIP 114996,HIP 114996,HD 219571,GJ 9818,2MASS J23172579-5814087,1,1,0,0,0,0,0,23h17m25.81s,-58d14m09.3s,23.06,0.23,-0.23,3.990,0.020,VT,0.410,0.010,G,F3IV/V,11.420,0.070,V-K
HIP 116085,HIP 116085,HD 221354,GJ 895.4,2MASS J23312219+5909558,1,0,0,1,0,0,0,23h31m20.95s,+59d09m54.9s,16.93,0.17,-0.17,6.750,0.020,VT,0.840,0.000,G,K2V,0.580,0.040,V-K
HIP 116584,HIP 116584,HD 222107,GJ 9832,2MASS J23373382+4627298,1,1,0,0,0,0,0,23h37m33.71s,+46d27m33.0s,26.41,0.27,-0.26,3.850,0.020,VT,0.990,0.020,BVT-Red,G8III-IV,25.570,0.060,V-K
gam Cep,HIP 116727,HD 222404,GJ 903,2MASS J23392083+7737563,1,1,1,0,0,1,1,23h39m20.98s,+77d37m55.1s,14.10,0.14,-0.14,3.210,0.010,G,1.030,0.010,G,K1IV,11.840,0.100,V-K
